Workbook

Sheet Septembre 25
A1: Suivi quotidien des arrêts de ligne de fabrication du mois d'Septembre 2025 (en min)
B3: 45901 | C3: 45902 | D3: 45903 | E3: 45904 | F3: 45905 | G3: 45906 | H3: 45907 | I3: 45908 | J3: 45909 | K3: 45910 | L3: 45911 | M3: 45912 | N3: 45913 | O3: 45914 | P3: 45915 | Q3: 45916 | R3: 45917 | S3: 45918 | T3: 45919 | U3: 45920 | V3: 45921 | W3: 45922 | X3: 45923 | Y3: 45924 | Z3: 45925 | AA3: 45926 | AB3: 45927 | AC3: 45928 | AD3: 45929 | AE3: 45930 | AH3: Total des arrêts (min) | AI3: Moyenne des arrets par jour (min) | AJ3: Seuil des arrets 2024 par jour (min) | AK3: Ecart des arrets journalier / Seuile des arrets 2024 | AL3: Ecart moyenne des arrets / Seuile des arrets 2024 | AM3: Total des arrêts 2025 (min) (Septembre) | AN3: Total des arrêts 2024 (min) (Septembre) | AO3: Ecart Totale des arrets 2025 / Totale des arrets 2024 | AP3: Total des arrêts 2025 (min) | AQ3: Total des arrêts 2024 (min) | AR3: Ecart Totale des arrets 2025 / Totale des arrets 2024
A4: L11 | B4: 0 | C4: 21 | D4: 0 | E4: 9 | F4: 21 | G4: 56 | H4: 15 | I4: 77 | J4: 28 | K4: 31 | L4: 2 | M4: 9 | N4: 26 | O4: 9 | P4: 0 | Q4: 22.5 | R4: 11 | S4: 6 | T4: 46 | U4: 34 | V4: 33 | W4: 3 | X4: 19 | Y4: 17 | Z4: 11 | AA4: 21 | AB4: 21 | AC4: 5 | AD4: 19 | AE4: 36 | AG4: L11 | AH4: =SUM(B4:AE4) -> 608.5 | AI4: =AVERAGE(B4:AE4) -> 20.283333 | AJ4: 18 | AK4: =AE4-AJ4 -> 18 | AL4: =AI4-AJ4 -> 2.2833333 | AM4: =AH4 -> 608.5 | AN4: 452 | AO4: =AM4-AN4 -> 156.5 | AP4: ='Juillet 25 '!AQ4+'Septembre 25'!AM4 -> 4869.79 | AQ4: ='Juillet 25 '!AR4+'Septembre 25'!AN4 -> 4827 | AR4: =AP4-AQ4 -> 42.79
A5: L12 | B5: 31 | C5: 147 | D5: 19 | E5: 150 | F5: 124 | G5: 38 | H5: 11 | I5: 53 | J5: 0 | K5: 0 | L5: 3 | M5: 3 | N5: 15 | O5: 8 | P5: 79 | Q5: 0 | R5: 9 | S5: 45 | T5: 4 | U5: 66 | V5: 83 | W5: 24 | X5: 50 | Y5: 31 | Z5: 46 | AA5: 26 | AB5: 9 | AC5: 34 | AD5: 0 | AE5: 19 | AG5: L12 | AH5: =SUM(B5:AE5) -> 1127 | AI5: =AVERAGE(B5:AE5) -> 37.566667 | AJ5: 18 | AK5: =AE5-AJ5 -> 1 | AL5: =AI5-AJ5 -> 19.566667 | AM5: =AH5 -> 1127 | AN5: 489 | AO5: =AM5-AN5 -> 638 | AP5: ='Juillet 25 '!AQ5+'Septembre 25'!AM5 -> 7429 | AQ5: ='Juillet 25 '!AR5+'Septembre 25'!AN5 -> 4911 | AR5: =AP5-AQ5 -> 2518
A6: L13 | B6: 34 | C6: 21 | D6: 12 | E6: 2 | F6: 8 | G6: 36 | H6: 67 | I6: 257 | J6: 0 | K6: 0 | L6: 0 | M6: 42 | N6: 36 | O6: 18 | P6: 68 | Q6: 17 | R6: 77 | S6: 259 | T6: 46 | U6: 30 | V6: 43 | W6: 115 | X6: 16 | Y6: 6 | Z6: 35 | AA6: 37 | AB6: 63 | AC6: 8 | AD6: 4 | AE6: 34 | AG6: L13 | AH6: =SUM(B6:AE6) -> 1391 | AI6: =AVERAGE(B6:AE6) -> 46.366667 | AJ6: 18 | AK6: =AE6-AJ6 -> 16 | AL6: =AI6-AJ6 -> 28.366667 | AM6: =AH6 -> 1391 | AN6: 492 | AO6: =AM6-AN6 -> 899 | AP6: ='Juillet 25 '!AQ6+'Septembre 25'!AM6 -> 6692.37 | AQ6: ='Juillet 25 '!AR6+'Septembre 25'!AN6 -> 2792 | AR6: =AP6-AQ6 -> 3900.37
A7: Moyenne Four 1 | B7: =AVERAGE(B4:B6) -> 21.666667 | C7: =AVERAGE(C4:C6) -> 63 | D7: =AVERAGE(D4:D6) -> 10.333333 | E7: =AVERAGE(E4:E6) -> 53.666667 | F7: =AVERAGE(F4:F6) -> 51 | G7: =AVERAGE(G4:G6) -> 43.333333 | H7: =AVERAGE(H4:H6) -> 31 | I7: =AVERAGE(I4:I6) -> 129 | ... AE7: =AVERAGE(AE4:AE6) -> 29.666667 | AG7: Four 1 | AH7: =AVERAGE(AH4:AH6) -> 1042.1667 | AI7: =AVERAGE(AI4:AI6) -> 34.738889 | AJ7: 18 | AK7: =AE7-AJ7 -> 11.666667 | AL7: =AI7-AJ7 -> 16.738889 | AM7: =SUM(AM4:AM6) -> 3126.5 | AN7: =SUM(AN4:AN6) -> 1433 | AO7: =AM7-AN7 -> 1693.5 | AP7: ='Juillet 25 '!AQ7+'Septembre 25'!AM7 -> 18991.16 | AQ7: ='Juillet 25 '!AR7+'Septembre 25'!AN7 -> 12530 | AR7: =AP7-AQ7 -> 6461.16
A8: L21 | B8: 0 | C8: 53 | D8: 0 | E8: 0 | F8: 264 | G8: 271 | H8: 420 | I8: 0 | J8: 154 | K8: 23 | L8: 0 | M8: 19 | N8: 59 | O8: 0 | P8: 0 | Q8: 26 | R8: 40 | S8: 100 | T8: 17 | U8: 0 | V8: 24 | W8: 18 | X8: 0 | Y8: 75 | Z8: 146 | AA8: 33 | AB8: 11 | AC8: 27 | AD8: 53 | AE8: 15 | AG8: L21 | AH8: =SUM(B8:AE8) -> 1848 | AI8: =AVERAGE(B8:AE8) -> 61.6 | AJ8: 18 | AK8: =AE8-AJ8 -> -3 | AL8: =AI8-AJ8 -> 43.6 | AM8: =AH8 -> 1848 | AN8: 352 | AO8: =AM8-AN8 -> 1496 | AP8: ='Juillet 25 '!AQ8+'Septembre 25'!AM8 -> 4893.7 | AQ8: ='Juillet 25 '!AR8+'Septembre 25'!AN8 -> 1949 | AR8: =AP8-AQ8 -> 2944.7
A9: L22 | B9: 0 | C9: 244 | D9: 0 | E9: 0 | F9: 140 | G9: 129 | H9: 178 | I9: 55 | J9: 58 | K9: 59 | L9: 18 | M9: 30 | N9: 27 | O9: 202 | P9: 0 | Q9: 38 | R9: 20 | S9: 36 | T9: 0 | U9: 12 | V9: 58 | W9: 54 | X9: 75 | Y9: 94 | Z9: 3 | AA9: 107 | AB9: 96 | AC9: 55 | AD9: 0 | AE9: 30 | AG9: L22 | AH9: =SUM(B9:AE9) -> 1818 | AI9: =AVERAGE(B9:AE9) -> 60.6 | AJ9: 18 | AK9: =AE9-AJ9 -> 12 | AL9: =AI9-AJ9 -> 42.6 | AM9: =AH9 -> 1818 | AN9: 739 | AO9: =AM9-AN9 -> 1079 | AP9: ='Juillet 25 '!AQ9+'Septembre 25'!AM9 -> 5975 | AQ9: ='Juillet 25 '!AR9+'Septembre 25'!AN9 -> 4795 | AR9: =AP9-AQ9 -> 1180
A10: L23 | B10: 0 | C10: 36 | D10: 0 | E10: 0 | F10: 30 | G10: 150 | H10: 65 | I10: 45 | J10: 8 | K10: 42 | L10: 14 | M10: 0 | N10: 0 | O10: 190 | P10: 4 | Q10: 3 | R10: 21 | S10: 12 | T10: 42 | U10: 20 | V10: 0 | W10: 0 | X10: 13 | Y10: 11 | Z10: 6 | AA10: 0 | AB10: 0 | AC10: 5 | AD10: 9 | AE10: 8 | AG10: L23 | AH10: =SUM(B10:AE10) -> 734 | AI10: =AVERAGE(B10:AE10) -> 24.466667 | AJ10: 18 | AK10: =AE10-AJ10 -> -10 | AL10: =AI10-AJ10 -> 6.4666667 | AM10: =AH10 -> 734 | AN10: 611 | AO10: =AM10-AN10 -> 123 | AP10: ='Juillet 25 '!AQ10+'Septembre 25'!AM10 -> 3990 | AQ10: ='Juillet 25 '!AR10+'Septembre 25'!AN10 -> 2409 | AR10: =AP10-AQ10 -> 1581
A11: Four 2 | B11: =AVERAGE(B8:B10) -> 0 | C11: =AVERAGE(C8:C10) -> 111 | D11: =AVERAGE(D8:D10) -> 0 | E11: =AVERAGE(E8:E10) -> 0 | F11: =AVERAGE(F8:F10) -> 144.66667 | G11: =AVERAGE(G8:G10) -> 183.33333 | H11: =AVERAGE(H8:H10) -> 221 | I11: =AVERAGE(I8:I10) -> 33.333333 | ... AE11: =AVERAGE(AE8:AE10) -> 17.666667 | AG11: Four 2 | AH11: =AVERAGE(AH8:AH10) -> 1466.6667 | AI11: =AVERAGE(AI8:AI10) -> 48.888889 | AJ11: 18 | AK11: =AE11-AJ11 -> -0.33333333 | AL11: =AI11-AJ11 -> 30.888889 | AM11: =SUM(AM8:AM10) -> 4400 | AN11: =SUM(AN8:AN10) -> 1702 | AO11: =AM11-AN11 -> 2698 | AP11: ='Juillet 25 '!AQ11+'Septembre 25'!AM11 -> 14858.7 | AQ11: ='Juillet 25 '!AR11+'Septembre 25'!AN11 -> 9147 | AR11: =AP11-AQ11 -> 5711.7
A13: Total des arrets TM | B13: =AVERAGE(B11,B7) -> 10.833333 | C13: =AVERAGE(C11,C7) -> 87 | D13: =AVERAGE(D11,D7) -> 5.1666667 | E13: =AVERAGE(E11,E7) -> 26.833333 | F13: =AVERAGE(F11,F7) -> 97.833333 | G13: =AVERAGE(G11,G7) -> 113.33333 | H13: =AVERAGE(H11,H7) -> 126 | I13: =AVERAGE(I11,I7) -> 81.166667 | ... AE13: =AVERAGE(AE11,AE7) -> 23.666667 | AG13: Total des arrets TM | AH13: =AVERAGE(AH11,AH7) -> 1254.4167 | AI13: =AVERAGE(AI11,AI7) -> 41.813889 | AJ13: 18 | AK13: =AE13-AJ13 -> 5.6666667 | AL13: =AI13-AJ13 -> 23.813889 | AM13: =SUM(AM7,AM11) -> 7526.5 | AN13: =SUM(AN7,AN11) -> 3135 | AO13: =AM13-AN13 -> 4391.5 | AP13: ='Juillet 25 '!AQ13+'Septembre 25'!AM13 -> 33849.86 | AQ13: ='Juillet 25 '!AR13+'Septembre 25'!AN13 -> 21677 | AR13: =AP13-AQ13 -> 12172.86

Sheet Aout 25
A1: Suivi quotidien des arrêts de ligne de fabrication du mois d'Aout 2025 (en min)
B3: 45870 | C3: 45871 | D3: 45872 | E3: 45873 | F3: 45874 | G3: 45875 | H3: 45876 | I3: 45877 | J3: 45878 | K3: 45879 | L3: 45880 | M3: 45881 | N3: 45882 | O3: 45883 | P3: 45884 | Q3: 45885 | R3: 45886 | S3: 45887 | T3: 45888 | U3: 45889 | V3: 45890 | W3: 45891 | X3: 45892 | Y3: 45893 | Z3: 45894 | AA3: 45895 | AB3: 45896 | AC3: 45897 | AD3: 45898 | AE3: 45899 | AF3: 45900 | AI3: Total des arrêts (min) | AJ3: Moyenne des arrets par jour (min) | AK3: Seuil des arrets 2024 par jour (min) | AL3: Ecart des arrets journalier / Seuile des arrets 2024 | AM3: Ecart moyenne des arrets / Seuile des arrets 2024 | AN3: Total des arrêts 2025 (min) (Aout) | AO3: Total des arrêts 2024 (min) (Aout) | AP3: Ecart Totale des arrets 2025 / Totale des arrets 2024 | AQ3: Total des arrêts 2025 (min) | AR3: Total des arrêts 2024 (min) | AS3: Ecart Totale des arrets 2025 / Totale des arrets 2024
A4: L11 | B4: 31 | C4: 8 | D4: 15 | E4: 5 | F4: 5 | G4: 0 | H4: 7 | I4: 7 | J4: 7 | K4: 34 | L4: 105 | M4: 0 | N4: 41 | O4: 24 | P4: 52 | Q4: 86 | R4: 6 | S4: 51 | T4: 53 | U4: 61 | V4: 80 | W4: 16 | X4: 37 | Y4: 43 | Z4: 113 | AA4: 10 | AB4: 8 | AC4: 6 | AD4: 43 | AE4: 11 | AF4: 43 | AH4: L11 | AI4: =SUM(B4:AE4) -> 965 | AJ4: =AVERAGE(B4:AE4) -> 32.166667 | AK4: 18 | AL4: =AC4-AK4 -> -12 | AM4: =AJ4-AK4 -> 14.166667 | AN4: =AI4 -> 965 | AO4: 563 | AP4: =AN4-AO4 -> 402 | AQ4: ='Juillet 25 '!AQ4+'Aout 25'!AN4 -> 5226.29 | AR4: ='Juillet 25 '!AR4+'Aout 25'!AO4 -> 4938 | AS4: =AQ4-AR4 -> 288.29
A5: L12 | B5: 8 | C5: 71 | D5: 21 | E5: 21 | F5: 6 | G5: 43 | H5: 3 | I5: 24 | J5: 15 | K5: 313 | L5: 30 | M5: 99 | N5: 63 | O5: 6 | P5: 35 | Q5: 8 | R5: 39 | S5: 19 | T5: 68 | U5: 9 | V5: 5 | W5: 37 | X5: 6 | Y5: 9 | Z5: 4 | AA5: 9 | AB5: 11 | AC5: 23 | AD5: 26 | AE5: 53 | AF5: 6 | AH5: L12 | AI5: =SUM(B5:AE5) -> 1084 | AJ5: =AVERAGE(B5:AE5) -> 36.133333 | AK5: 18 | AL5: =AC5-AK5 -> 5 | AM5: =AJ5-AK5 -> 18.133333 | AN5: =AI5 -> 1084 | AO5: 702 | AP5: =AN5-AO5 -> 382 | AQ5: ='Juillet 25 '!AQ5+'Aout 25'!AN5 -> 7386 | AR5: ='Juillet 25 '!AR5+'Aout 25'!AO5 -> 5124 | AS5: =AQ5-AR5 -> 2262
A6: L13 | B6: 3 | C6: 23 | D6: 9 | E6: 15 | F6: 0 | G6: 214 | H6: 145 | I6: 0 | J6: 21 | K6: 27 | L6: 38 | M6: 0 | N6: 33 | O6: 11 | P6: 0 | Q6: 69 | R6: 10 | S6: 35 | T6: 2 | U6: 28 | V6: 24 | W6: 7 | X6: 12 | Y6: 32 | Z6: 25 | AA6: 12 | AB6: 6 | AC6: 99 | AD6: 196 | AE6: 50 | AF6: 45 | AH6: L13 | AI6: =SUM(B6:AE6) -> 1146 | AJ6: =AVERAGE(B6:AE6) -> 38.2 | AK6: 18 | AL6: =AC6-AK6 -> 81 | AM6: =AJ6-AK6 -> 20.2 | AN6: =AI6 -> 1146 | AO6: 1649 | AP6: =AN6-AO6 -> -503 | AQ6: ='Juillet 25 '!AQ6+'Aout 25'!AN6 -> 6447.37 | AR6: ='Juillet 25 '!AR6+'Aout 25'!AO6 -> 3949 | AS6: =AQ6-AR6 -> 2498.37
A7: Moyenne Four 1 | B7: =AVERAGE(B4:B6) -> 14 | C7: =AVERAGE(C4:C6) -> 34 | D7: =AVERAGE(D4:D6) -> 15 | E7: =AVERAGE(E4:E6) -> 13.666667 | F7: =AVERAGE(F4:F6) -> 3.6666667 | G7: =AVERAGE(G4:G6) -> 85.666667 | H7: =AVERAGE(H4:H6) -> 51.666667 | I7: =AVERAGE(I4:I6) -> 10.333333 | ... AF7: =AVERAGE(AF4:AF6) -> 31.333333 | AH7: Four 1 | AI7: =AVERAGE(AI4:AI6) -> 1065 | AJ7: =AVERAGE(AJ4:AJ6) -> 35.5 | AK7: 18 | AL7: =AC7-AK7 -> 24.666667 | AM7: =AJ7-AK7 -> 17.5 | AN7: =SUM(AN4:AN6) -> 3195 | AO7: =SUM(AO4:AO6) -> 2914 | AP7: =AN7-AO7 -> 281 | AQ7: ='Juillet 25 '!AQ7+'Aout 25'!AN7 -> 19059.66 | AR7: ='Juillet 25 '!AR7+'Aout 25'!AO7 -> 14011 | AS7: =AQ7-AR7 -> 5048.66
A8: L21 | B8: 0 | C8: 0 | D8: 49 | E8: 6 | F8: 114 | G8: 380 | H8: 33 | I8: 50 | J8: 33 | K8: 26 | L8: 61 | M8: 15 | N8: 215 | O8: 15 | P8: 189 | Q8: 4 | R8: 10 | S8: 0 | T8: 7 | U8: 46 | V8: 56.8 | W8: 0 | X8: 0 | Y8: 5 | Z8: 96 | AA8: 66 | AB8: 0 | AC8: 0 | AD8: 0 | AE8: 0 | AF8: 0 | AH8: L21 | AI8: =SUM(B8:AE8) -> 1476.8 | AJ8: =AVERAGE(B8:AE8) -> 49.226667 | AK8: 18 | AL8: =AC8-AK8 -> -18 | AM8: =AJ8-AK8 -> 31.226667 | AN8: =AI8 -> 1476.8 | AO8: 530 | AP8: =AN8-AO8 -> 946.8 | AQ8: ='Juillet 25 '!AQ8+'Aout 25'!AN8 -> 4522.5 | AR8: ='Juillet 25 '!AR8+'Aout 25'!AO8 -> 2127 | AS8: =AQ8-AR8 -> 2395.5
A9: L22 | B9: 13 | C9: 179 | D9: 43 | E9: 46 | F9: 43 | G9: 0 | H9: 41 | I9: 131 | J9: 61 | K9: 10 | L9: 37 | M9: 84 | N9: 10 | O9: 57 | P9: 38 | Q9: 38 | R9: 62 | S9: 60 | T9: 7 | U9: 100 | V9: 0 | W9: 63 | X9: 46 | Y9: 5 | Z9: 47 | AA9: 12 | AB9: 0 | AC9: 0 | AD9: 0 | AE9: 0 | AF9: 0 | AH9: L22 | AI9: =SUM(B9:AE9) -> 1233 | AJ9: =AVERAGE(B9:AE9) -> 41.1 | AK9: 18 | AL9: =AC9-AK9 -> -18 | AM9: =AJ9-AK9 -> 23.1 | AN9: =AI9 -> 1233 | AO9: 890 | AP9: =AN9-AO9 -> 343 | AQ9: ='Juillet 25 '!AQ9+'Aout 25'!AN9 -> 5390 | AR9: ='Juillet 25 '!AR9+'Aout 25'!AO9 -> 4946 | AS9: =AQ9-AR9 -> 444
A10: L23 | B10: 8 | C10: 0 | D10: 6 | E10: 32 | F10: 11 | G10: 17 | H10: 0 | I10: 34 | J10: 5 | K10: 21 | L10: 13 | M10: 0 | N10: 30 | O10: 32 | P10: 46 | Q10: 4 | R10: 16 | S10: 16 | T10: 12 | U10: 66 | V10: 40 | W10: 6 | X10: 11 | Y10: 4 | Z10: 80 | AA10: 31 | AB10: 0 | AC10: 0 | AD10: 0 | AE10: 0 | AF10: 0 | AH10: L23 | AI10: =SUM(B10:AE10) -> 541 | AJ10: =AVERAGE(B10:AE10) -> 18.033333 | AK10: 18 | AL10: =AC10-AK10 -> -18 | AM10: =AJ10-AK10 -> 0.033333333 | AN10: =AI10 -> 541 | AO10: 349 | AP10: =AN10-AO10 -> 192 | AQ10: ='Juillet 25 '!AQ10+'Aout 25'!AN10 -> 3797 | AR10: ='Juillet 25 '!AR10+'Aout 25'!AO10 -> 2147 | AS10: =AQ10-AR10 -> 1650
A11: Four 2 | B11: =AVERAGE(B8:B10) -> 7 | C11: =AVERAGE(C8:C10) -> 59.666667 | D11: =AVERAGE(D8:D10) -> 32.666667 | E11: =AVERAGE(E8:E10) -> 28 | F11: =AVERAGE(F8:F10) -> 56 | G11: =AVERAGE(G8:G10) -> 132.33333 | H11: =AVERAGE(H8:H10) -> 24.666667 | I11: =AVERAGE(I8:I10) -> 71.666667 | ... AF11: =AVERAGE(AF8:AF10) -> 0 | AH11: Four 2 | AI11: =AVERAGE(AI8:AI10) -> 1083.6 | AJ11: =AVERAGE(AJ8:AJ10) -> 36.12 | AK11: 18 | AL11: =AC11-AK11 -> -18 | AM11: =AJ11-AK11 -> 18.12 | AN11: =SUM(AN8:AN10) -> 3250.8 | AO11: =SUM(AO8:AO10) -> 1769 | AP11: =AN11-AO11 -> 1481.8 | AQ11: ='Juillet 25 '!AQ11+'Aout 25'!AN11 -> 13709.5 | AR11: ='Juillet 25 '!AR11+'Aout 25'!AO11 -> 9214 | AS11: =AQ11-AR11 -> 4495.5
A13: Total des arrets TM | B13: =AVERAGE(B11,B7) -> 10.5 | C13: =AVERAGE(C11,C7) -> 46.833333 | D13: =AVERAGE(D11,D7) -> 23.833333 | E13: =AVERAGE(E11,E7) -> 20.833333 | F13: =AVERAGE(F11,F7) -> 29.833333 | G13: =AVERAGE(G11,G7) -> 109 | H13: =AVERAGE(H11,H7) -> 38.166667 | I13: =AVERAGE(I11,I7) -> 41 | ... AF13: =AVERAGE(AF11,AF7) -> 15.666667 | AH13: Total des arrets TM | AI13: =AVERAGE(AI11,AI7) -> 1074.3 | AJ13: =AVERAGE(AJ11,AJ7) -> 35.81 | AK13: 18 | AL13: =AC13-AK13 -> 3.3333333 | AM13: =AJ13-AK13 -> 17.81 | AN13: =SUM(AN7,AN11) -> 6445.8 | AO13: =SUM(AO7,AO11) -> 4683 | AP13: =AN13-AO13 -> 1762.8 | AQ13: ='Juillet 25 '!AQ13+'Aout 25'!AN13 -> 32769.16 | AR13: ='Juillet 25 '!AR13+'Aout 25'!AO13 -> 23225 | AS13: =AQ13-AR13 -> 9544.16

Sheet Juillet 25  
A1: Suivi quotidien des arrêts de ligne de fabrication du mois de Juillet 2025 (en min)
B3: 45839 | C3: 45840 | D3: 45841 | E3: 45842 | F3: 45843 | G3: 45844 | H3: 45845 | I3: 45846 | J3: 45847 | K3: 45848 | L3: 45849 | M3: 45850 | N3: 45851 | O3: 45852 | P3: 45853 | Q3: 45854 | R3: 45855 | S3: 45856 | T3: 45857 | U3: 45858 | V3: 45859 | W3: 45860 | X3: 45861 | Y3: 45862 | Z3: 45863 | AA3: 45864 | AB3: 45865 | AC3: 45866 | AD3: 45867 | AE3: 45868 | AF3: 45869 | AI3: Total des arrêts (min) | AJ3: Moyenne des arrets par jour (min) | AK3: Seuil des arrets 2024 par jour (min) | AL3: Ecart des arrets journalier / Seuile des arrets 2024 | AM3: Ecart moyenne des arrets / Seuile des arrets 2024 | AN3: Total des arrêts 2025 (min) (Juillet) | AO3: Total des arrêts 2024 (min) (Juillet) | AP3: Ecart Totale des arrets 2025 / Totale des arrets 2024 | AQ3: Total des arrêts 2025 (min) | AR3: Total des arrêts 2024 (min) | AS3: Ecart Totale des arrets 2025 / Totale des arrets 2024
A4: L11 | B4: 41 | C4: 7 | D4: 4 | E4: 70 | F4: 29 | G4: 8 | H4: 2 | I4: 8 | J4: 7 | K4: 8 | L4: 19 | M4: 25 | N4: 39 | O4: 24 | P4: 20 | Q4: 8 | R4: 20 | S4: 27 | T4: 10 | U4: 2 | V4: 10 | W4: 12 | X4: 20 | Y4: 10 | Z4: 13 | AA4: 42 | AB4: 87 | AC4: 38 | AD4: 49 | AE4: 59 | AF4: 2 | AH4: L11 | AI4: =SUM(B4:AE4) -> 718 | AJ4: =AVERAGE(B4:AE4) -> 23.933333 | AK4: 18 | AL4: =AF4-AK4 -> -16 | AM4: =AJ4-AK4 -> 5.9333333 | AN4: =AI4 -> 718 | AO4: 814 | AP4: =AN4-AO4 -> -96 | AQ4: ='Juin 25 '!AP4+'Juillet 25 '!AN4 -> 4261.29 | AR4: ='Juin 25 '!AQ4+'Juillet 25 '!AO4 -> 4375 | AS4: =AQ4-AR4 -> -113.71
A5: L12 | B5: 104 | C5: 4 | D5: 3 | E5: 5 | F5: 12 | G5: 15 | H5: 124 | I5: 1 | J5: 17 | K5: 0 | L5: 13 | M5: 7 | N5: 26 | O5: 12 | P5: 41 | Q5: 23 | R5: 111 | S5: 19 | T5: 19 | U5: 54 | V5: 76 | W5: 0 | X5: 13 | Y5: 5 | Z5: 7 | AA5: 6 | AB5: 65 | AC5: 46 | AD5: 17 | AE5: 26 | AF5: 20 | AH5: L12 | AI5: =SUM(B5:AE5) -> 871 | AJ5: =AVERAGE(B5:AE5) -> 29.033333 | AK5: 18 | AL5: =AF5-AK5 -> 2 | AM5: =AJ5-AK5 -> 11.033333 | AN5: =AI5 -> 871 | AO5: 1205 | AP5: =AN5-AO5 -> -334 | AQ5: ='Juin 25 '!AP5+'Juillet 25 '!AN5 -> 6302 | AR5: ='Juin 25 '!AQ5+'Juillet 25 '!AO5 -> 4422 | AS5: =AQ5-AR5 -> 1880
A6: L13 | B6: 28 | C6: 91 | D6: 0 | E6: 154 | F6: 46 | G6: 27 | H6: 34 | I6: 115 | J6: 45 | K6: 21 | L6: 0 | M6: 13 | N6: 31 | O6: 39 | P6: 24 | Q6: 0 | R6: 4 | S6: 10 | T6: 7 | U6: 3 | V6: 37 | W6: 2 | X6: 0 | Y6: 0 | Z6: 24 | AA6: 10 | AB6: 26 | AC6: 59 | AD6: 10 | AE6: 30 | AF6: 0 | AH6: L13 | AI6: =SUM(B6:AE6) -> 890 | AJ6: =AVERAGE(B6:AE6) -> 29.666667 | AK6: 18 | AL6: =AF6-AK6 -> -18 | AM6: =AJ6-AK6 -> 11.666667 | AN6: =AI6 -> 890 | AO6: 367 | AP6: =AN6-AO6 -> 523 | AQ6: ='Juin 25 '!AP6+'Juillet 25 '!AN6 -> 5301.37 | AR6: ='Juin 25 '!AQ6+'Juillet 25 '!AO6 -> 2300 | AS6: =AQ6-AR6 -> 3001.37
A7: Moyenne Four 1 | B7: =AVERAGE(B4:B6) -> 57.666667 | C7: =AVERAGE(C4:C6) -> 34 | D7: =AVERAGE(D4:D6) -> 2.3333333 | E7: =AVERAGE(E4:E6) -> 76.333333 | F7: =AVERAGE(F4:F6) -> 29 | G7: =AVERAGE(G4:G6) -> 16.666667 | H7: =AVERAGE(H4:H6) -> 53.333333 | I7: =AVERAGE(I4:I6) -> 41.333333 | ... AF7: =AVERAGE(AF4:AF6) -> 7.3333333 | AH7: Four 1 | AI7: =AVERAGE(AI4:AI6) -> 826.33333 | AJ7: =AVERAGE(AJ4:AJ6) -> 27.544444 | AK7: 18 | AL7: =AF7-AK7 -> -10.666667 | AM7: =AJ7-AK7 -> 9.5444444 | AN7: =SUM(AN4:AN6) -> 2479 | AO7: =SUM(AO4:AO6) -> 2386 | AP7: =AN7-AO7 -> 93 | AQ7: ='Juin 25 '!AP7+'Juillet 25 '!AN7 -> 15864.66 | AR7: ='Juin 25 '!AQ7+'Juillet 25 '!AO7 -> 11097 | AS7: =AQ7-AR7 -> 4767.66
A8: L21 | B8: 11 | C8: 5 | D8: 20 | E8: 61 | F8: 4 | G8: 0 | H8: 0 | I8: 0 | J8: 0 | K8: 0 | L8: 0 | M8: 5 | N8: 4 | O8: 4 | P8: 12 | Q8: 50 | R8: 0 | S8: 0 | T8: 11 | U8: 30 | V8: 3 | W8: 21 | X8: 7 | Y8: 34 | Z8: 31 | AA8: 0 | AB8: 141 | AC8: 15 | AD8: 81 | AE8: 47 | AF8: 37 | AH8: L21 | AI8: =SUM(B8:AE8) -> 597 | AJ8: =AVERAGE(B8:AE8) -> 19.9 | AK8: 18 | AL8: =AF8-AK8 -> 19 | AM8: =AJ8-AK8 -> 1.9 | AN8: =AI8 -> 597 | AO8: 159 | AP8: =AN8-AO8 -> 438 | AQ8: ='Juin 25 '!AP8+'Juillet 25 '!AN8 -> 3045.7 | AR8: ='Juin 25 '!AQ8+'Juillet 25 '!AO8 -> 1597 | AS8: =AQ8-AR8 -> 1448.7
A9: L22 | B9: 12 | C9: 13 | D9: 0 | E9: 96 | F9: 7 | G9: 0 | H9: 42 | I9: 6 | J9: 0 | K9: 0 | L9: 0 | M9: 34 | N9: 15 | O9: 0 | P9: 0 | Q9: 0 | R9: 0 | S9: 0 | T9: 47 | U9: 64 | V9: 46 | W9: 24 | X9: 21 | Y9: 0 | Z9: 0 | AA9: 26 | AB9: 44 | AC9: 65 | AD9: 114 | AE9: 140 | AF9: 10 | AH9: L22 | AI9: =SUM(B9:AE9) -> 816 | AJ9: =AVERAGE(B9:AE9) -> 27.2 | AK9: 18 | AL9: =AF9-AK9 -> -8 | AM9: =AJ9-AK9 -> 9.2 | AN9: =AI9 -> 816 | AO9: 974 | AP9: =AN9-AO9 -> -158 | AQ9: ='Juin 25 '!AP9+'Juillet 25 '!AN9 -> 4157 | AR9: ='Juin 25 '!AQ9+'Juillet 25 '!AO9 -> 4056 | AS9: =AQ9-AR9 -> 101
A10: L23 | B10: 40 | C10: 0 | D10: 11 | E10: 46 | F10: 10 | G10: 3 | H10: 10 | I10: 0 | J10: 15 | K10: 0 | L10: 0 | M10: 26 | N10: 35 | O10: 5 | P10: 12 | Q10: 20 | R10: 0 | S10: 0 | T10: 11 | U10: 24 | V10: 25 | W10: 24 | X10: 7 | Y10: 11 | Z10: 5 | AA10: 24 | AB10: 15 | AC10: 16 | AD10: 48 | AE10: 194 | AF10: 8 | AH10: L23 | AI10: =SUM(B10:AE10) -> 637 | AJ10: =AVERAGE(B10:AE10) -> 21.233333 | AK10: 18 | AL10: =AF10-AK10 -> -10 | AM10: =AJ10-AK10 -> 3.2333333 | AN10: =AI10 -> 637 | AO10: 58 | AP10: =AN10-AO10 -> 579 | AQ10: ='Juin 25 '!AP10+'Juillet 25 '!AN10 -> 3256 | AR10: ='Juin 25 '!AQ10+'Juillet 25 '!AO10 -> 1798 | AS10: =AQ10-AR10 -> 1458
A11: Four 2 | B11: =AVERAGE(B8:B10) -> 21 | C11: =AVERAGE(C8:C10) -> 6 | D11: =AVERAGE(D8:D10) -> 10.333333 | E11: =AVERAGE(E8:E10) -> 67.666667 | F11: =AVERAGE(F8:F10) -> 7 | G11: =AVERAGE(G8:G10) -> 1 | H11: =AVERAGE(H8:H10) -> 17.333333 | I11: =AVERAGE(I8:I10) -> 2 | ... AF11: =AVERAGE(AF8:AF10) -> 18.333333 | AH11: Four 2 | AI11: =AVERAGE(AI8:AI10) -> 683.33333 | AJ11: =AVERAGE(AJ8:AJ10) -> 22.777778 | AK11: 18 | AL11: =AF11-AK11 -> 0.33333333 | AM11: =AJ11-AK11 -> 4.7777778 | AN11: =SUM(AN8:AN10) -> 2050 | AO11: =SUM(AO8:AO10) -> 1191 | AP11: =AN11-AO11 -> 859 | AQ11: ='Juin 25 '!AP11+'Juillet 25 '!AN11 -> 10458.7 | AR11: ='Juin 25 '!AQ11+'Juillet 25 '!AO11 -> 7445 | AS11: =AQ11-AR11 -> 3013.7
A13: Total des arrets TM | B13: =AVERAGE(B11,B7) -> 39.333333 | C13: =AVERAGE(C11,C7) -> 20 | D13: =AVERAGE(D11,D7) -> 6.3333333 | E13: =AVERAGE(E11,E7) -> 72 | F13: =AVERAGE(F11,F7) -> 18 | G13: =AVERAGE(G11,G7) -> 8.8333333 | H13: =AVERAGE(H11,H7) -> 35.333333 | I13: =AVERAGE(I11,I7) -> 21.666667 | ... AF13: =AVERAGE(AF11,AF7) -> 12.833333 | AH13: Total des arrets TM | AI13: =AVERAGE(AI11,AI7) -> 754.83333 | AJ13: =AVERAGE(AJ11,AJ7) -> 25.161111 | AK13: 18 | AL13: =AF13-AK13 -> -5.1666667 | AM13: =AJ13-AK13 -> 7.1611111 | AN13: =SUM(AN7,AN11) -> 4529 | AO13: =SUM(AO7,AO11) -> 3577 | AP13: =AN13-AO13 -> 952 | AQ13: ='Juin 25 '!AP13+'Juillet 25 '!AN13 -> 26323.36 | AR13: ='Juin 25 '!AQ13+'Juillet 25 '!AO13 -> 18542 | AS13: =AQ13-AR13 -> 7781.36

Sheet Juin 25 
A1: Suivi quotidien des arrêts de ligne de fabrication du mois de Juin 2025 (en min)
B3: 45809 | C3: 45810 | D3: 45811 | E3: 45812 | F3: 45813 | G3: 45814 | H3: 45815 | I3: 45816 | J3: 45817 | K3: 45818 | L3: 45819 | M3: 45820 | N3: 45821 | O3: 45822 | P3: 45823 | Q3: 45824 | R3: 45825 | S3: 45826 | T3: 45827 | U3: 45828 | V3: 45829 | W3: 45830 | X3: 45831 | Y3: 45832 | Z3: 45833 | AA3: 45834 | AB3: 45835 | AC3: 45836 | AD3: 45837 | AE3: 45838 | AH3: Total des arrêts (min) | AI3: Moyenne des arrets par jour (min) | AJ3: Seuil des arrets 2024 par jour (min) | AK3: Ecart des arrets journalier / Seuile des arrets 2024 | AL3: Ecart moyenne des arrets / Seuile des arrets 2024 | AM3: Total des arrêts 2025 (min) (Juin) | AN3: Total des arrêts 2024 (min) (Juin) | AO3: Ecart Totale des arrets 2025 / Totale des arrets 2024 | AP3: Total des arrêts 2025 (min) | AQ3: Total des arrêts 2024 (min) | AR3: Ecart Totale des arrets 2025 / Totale des arrets 2024
A4: L11 | B4: 13 | C4: 8 | D4: 4 | E4: 13 | F4: 0 | G4: 0 | H4: 2 | I4: 0 | J4: 14 | K4: 24 | L4: 16 | M4: 23 | N4: 1 | O4: 67 | P4: 12 | Q4: 0 | R4: 4 | S4: 13 | T4: 13 | U4: 70 | V4: 15 | W4: 16 | X4: 37 | Y4: 43 | Z4: 25 | AA4: 0 | AB4: 21 | AC4: 33 | AD4: 23 | AE4: 37 | AG4: L11 | AH4: =SUM(B4:AE4) -> 547 | AI4: =AVERAGE(B4:AE4) -> 18.233333 | AJ4: 18 | AK4: =AE4-AJ4 -> 19 | AL4: =AI4-AJ4 -> 0.23333333 | AM4: =AH4 -> 547 | AN4: 552 | AO4: =AM4-AN4 -> -5 | AP4: =AM4+'Mai 25'!AQ4 -> 3543.29 | AQ4: =AN4+'Mai 25'!AR4 -> 3561 | AR4: =AP4-AQ4 -> -17.71
A5: L12 | B5: 19 | C5: 4 | D5: 4 | E5: 2 | F5: 0 | G5: 0 | H5: 3 | I5: 9 | J5: 0 | K5: 7 | L5: 2 | M5: 45 | N5: 8 | O5: 10 | P5: 0 | Q5: 0 | R5: 0 | S5: 76 | T5: 76 | U5: 3 | V5: 15 | W5: 37 | X5: 6 | Y5: 9 | Z5: 4 | AA5: 5 | AB5: 62 | AC5: 11 | AD5: 4 | AE5: 2 | AG5: L12 | AH5: =SUM(B5:AE5) -> 423 | AI5: =AVERAGE(B5:AE5) -> 14.1 | AJ5: 18 | AK5: =AE5-AJ5 -> -16 | AL5: =AI5-AJ5 -> -3.9 | AM5: =AH5 -> 423 | AN5: 386 | AO5: =AM5-AN5 -> 37 | AP5: =AM5+'Mai 25'!AQ5 -> 5431 | AQ5: =AN5+'Mai 25'!AR5 -> 3217 | AR5: =AP5-AQ5 -> 2214
A6: L13 | B6: 20 | C6: 1 | D6: 0 | E6: 3 | F6: 3 | G6: 7 | H6: 1 | I6: 10 | J6: 2 | K6: 15 | L6: 3 | M6: 2 | N6: 9 | O6: 3 | P6: 6 | Q6: 0 | R6: 9 | S6: 49 | T6: 49 | U6: 0 | V6: 6 | W6: 7 | X6: 12 | Y6: 32 | Z6: 11 | AA6: 2 | AB6: 21 | AC6: 19 | AD6: 38 | AE6: 19 | AG6: L13 | AH6: =SUM(B6:AE6) -> 359 | AI6: =AVERAGE(B6:AE6) -> 11.966667 | AJ6: 18 | AK6: =AE6-AJ6 -> 1 | AL6: =AI6-AJ6 -> -6.0333333 | AM6: =AH6 -> 359 | AN6: 264 | AO6: =AM6-AN6 -> 95 | AP6: =AM6+'Mai 25'!AQ6 -> 4411.37 | AQ6: =AN6+'Mai 25'!AR6 -> 1933 | AR6: =AP6-AQ6 -> 2478.37
A7: Moyenne Four 1 | B7: =AVERAGE(B4:B6) -> 17.333333 | C7: =AVERAGE(C4:C6) -> 4.3333333 | D7: =AVERAGE(D4:D6) -> 2.6666667 | E7: =AVERAGE(E4:E6) -> 6 | F7: =AVERAGE(F4:F6) -> 1 | G7: =AVERAGE(G4:G6) -> 2.3333333 | H7: =AVERAGE(H4:H6) -> 2 | I7: =AVERAGE(I4:I6) -> 6.3333333 | ... AE7: =AVERAGE(AE4:AE6) -> 19.333333 | AG7: Four 1 | AH7: =AVERAGE(AH4:AH6) -> 443 | AI7: =AVERAGE(AI4:AI6) -> 14.766667 | AJ7: 18 | AK7: =AE7-AJ7 -> 1.3333333 | AL7: =AI7-AJ7 -> -3.2333333 | AM7: =SUM(AM4:AM6) -> 1329 | AN7: =SUM(AN4:AN6) -> 1202 | AO7: =AM7-AN7 -> 127 | AP7: =AM7+'Mai 25'!AQ7 -> 13385.66 | AQ7: =AN7+'Mai 25'!AR7 -> 8711 | AR7: =AP7-AQ7 -> 4674.66
A8: L21 | B8: 0 | C8: 4 | D8: 0 | E8: 8 | F8: 4 | G8: 8 | H8: 0 | I8: 0 | J8: 0 | K8: 40 | L8: 0 | M8: 15 | N8: 4 | O8: 0 | P8: 2 | Q8: 0 | R8: 0 | S8: 18 | T8: 18 | U8: 15 | V8: 3 | W8: 0 | X8: 0 | Y8: 5 | Z8: 4 | AA8: 0 | AB8: 0 | AC8: 25 | AD8: 8 | AE8: 49 | AG8: L21 | AH8: =SUM(B8:AE8) -> 230 | AI8: =AVERAGE(B8:AE8) -> 7.6666667 | AJ8: 18 | AK8: =AE8-AJ8 -> 31 | AL8: =AI8-AJ8 -> -10.333333 | AM8: =AH8 -> 230 | AN8: 333 | AO8: =AM8-AN8 -> -103 | AP8: =AM8+'Mai 25'!AQ8 -> 2448.7 | AQ8: =AN8+'Mai 25'!AR8 -> 1438 | AR8: =AP8-AQ8 -> 1010.7
A9: L22 | B9: 10 | C9: 36 | D9: 0 | E9: 0 | F9: 0 | G9: 44 | H9: 0 | I9: 20 | J9: 0 | K9: 0 | L9: 9 | M9: 3 | N9: 8 | O9: 0 | P9: 0 | Q9: 0 | R9: 0 | S9: 3 | T9: 3 | U9: 20 | V9: 0 | W9: 63 | X9: 46 | Y9: 5 | Z9: 13 | AA9: 16 | AB9: 34 | AC9: 5 | AD9: 46 | AE9: 21 | AG9: L22 | AH9: =SUM(B9:AE9) -> 405 | AI9: =AVERAGE(B9:AE9) -> 13.5 | AJ9: 18 | AK9: =AE9-AJ9 -> 3 | AL9: =AI9-AJ9 -> -4.5 | AM9: =AH9 -> 405 | AN9: 355 | AO9: =AM9-AN9 -> 50 | AP9: =AM9+'Mai 25'!AQ9 -> 3341 | AQ9: 3082 | AR9: =AP9-AQ9 -> 259
A10: L23 | B10: 0 | C10: 5 | D10: 0 | E10: 0 | F10: 9 | G10: 36 | H10: 11 | I10: 26 | J10: 0 | K10: 2 | L10: 0 | M10: 0 | N10: 0 | O10: 4 | P10: 4 | Q10: 0 | R10: 0 | S10: 41 | T10: 41 | U10: 2 | V10: 72 | W10: 6 | X10: 11 | Y10: 4 | Z10: 0 | AA10: 5 | AB10: 2 | AC10: 20 | AD10: 4 | AE10: 125 | AG10: L23 | AH10: =SUM(B10:AE10) -> 430 | AI10: =AVERAGE(B10:AE10) -> 14.333333 | AJ10: 18 | AK10: =AE10-AJ10 -> 107 | AL10: =AI10-AJ10 -> -3.6666667 | AM10: =AH10 -> 430 | AN10: 313 | AO10: =AM10-AN10 -> 117 | AP10: =AM10+'Mai 25'!AQ10 -> 2619 | AQ10: =AN10+'Mai 25'!AR10 -> 1740 | AR10: =AP10-AQ10 -> 879
A11: Four 2 | B11: =AVERAGE(B8:B10) -> 3.3333333 | C11: =AVERAGE(C8:C10) -> 15 | D11: =AVERAGE(D8:D10) -> 0 | E11: =AVERAGE(E8:E10) -> 2.6666667 | F11: =AVERAGE(F8:F10) -> 4.3333333 | G11: =AVERAGE(G8:G10) -> 29.333333 | H11: =AVERAGE(H8:H10) -> 3.6666667 | I11: =AVERAGE(I8:I10) -> 15.333333 | ... AE11: =AVERAGE(AE8:AE10) -> 65 | AG11: Four 2 | AH11: =AVERAGE(AH8:AH10) -> 355 | AI11: =AVERAGE(AI8:AI10) -> 11.833333 | AJ11: 18 | AK11: =AE11-AJ11 -> 47 | AL11: =AI11-AJ11 -> -6.1666667 | AM11: =SUM(AM8:AM10) -> 1065 | AN11: =SUM(AN8:AN10) -> 1001 | AO11: =AM11-AN11 -> 64 | AP11: =AM11+'Mai 25'!AQ11 -> 8408.7 | AQ11: =AN11+'Mai 25'!AR11 -> 6254 | AR11: =AP11-AQ11 -> 2154.7
A13: Total des arrets TM | B13: =AVERAGE(B11,B7) -> 10.333333 | C13: =AVERAGE(C11,C7) -> 9.6666667 | D13: =AVERAGE(D11,D7) -> 1.3333333 | E13: =AVERAGE(E11,E7) -> 4.3333333 | F13: =AVERAGE(F11,F7) -> 2.6666667 | G13: =AVERAGE(G11,G7) -> 15.833333 | H13: =AVERAGE(H11,H7) -> 2.8333333 | I13: =AVERAGE(I11,I7) -> 10.833333 | ... AE13: =AVERAGE(AE11,AE7) -> 42.166667 | AG13: Total des arrets TM | AH13: =AVERAGE(AH11,AH7) -> 399 | AI13: =AVERAGE(AI11,AI7) -> 13.3 | AJ13: 18 | AK13: =AE13-AJ13 -> 24.166667 | AL13: =AI13-AJ13 -> -4.7 | AM13: =SUM(AM7,AM11) -> 2394 | AN13: =SUM(AN7,AN11) -> 2203 | AO13: =AM13-AN13 -> 191 | AP13: =AM13+'Mai 25'!AQ13 -> 21794.36 | AQ13: =AN13+'Mai 25'!AR13 -> 14965 | AR13: =AP13-AQ13 -> 6829.36

Sheet Mai 25
A1: Suivi quotidien des arrêts de ligne de fabrication du mois de Mai 2025 (en min)
B3: 45778 | C3: 45779 | D3: 45780 | E3: 45781 | F3: 45782 | G3: 45783 | H3: 45784 | I3: 45785 | J3: 45786 | K3: 45787 | L3: 45788 | M3: 45789 | N3: 45790 | O3: 45791 | P3: 45792 | Q3: 45793 | R3: 45794 | S3: 45795 | T3: 45796 | U3: 45797 | V3: 45798 | W3: 45799 | X3: 45800 | Y3: 45801 | Z3: 45802 | AA3: 45803 | AB3: 45804 | AC3: 45805 | AD3: 45806 | AE3: 45807 | AF3: 45808 | AI3: Total des arrêts (min) | AJ3: Moyenne des arrets par jour (min) | AK3: Seuil des arrets 2024 par jour (min) | AL3: Ecart des arrets journalier / Seuile des arrets 2024 | AM3: Ecart moyenne des arrets / Seuile des arrets 2024 | AN3: Total des arrêts 2025 (min) (Mai) | AO3: Total des arrêts 2024 (min) (Mai) | AP3: Ecart Totale des arrets 2025 / Totale des arrets 2024 | AQ3: Total des arrêts 2025 (min) | AR3: Total des arrêts 2024 (min) | AS3: Ecart Totale des arrets 2025 / Totale des arrets 2024
A4: L11 | B4: 4 | C4: 0 | D4: 9 | E4: 14 | F4: 11 | G4: 9 | H4: 4 | I4: 12 | J4: 22.5 | K4: 114 | L4: 29 | M4: 23 | N4: 39 | O4: 2 | P4: 0 | Q4: 8 | R4: 4 | S4: 0 | T4: 0 | U4: 32 | V4: 9 | W4: 13 | X4: 8 | Y4: 5 | Z4: 24 | AA4: 24 | AB4: 0 | AC4: 4 | AD4: 6 | AE4: 0 | AF4: 0 | AH4: L11 | AI4: =SUM(B4:AF4) -> 429.5 | AJ4: =AVERAGE(B4:AF4) -> 13.854839 | AK4: 18 | AL4: =AF4-AK4 -> -18 | AM4: =AJ4-AK4 -> -4.1451613 | AN4: =AI4 -> 429.5 | AO4: 1078 | AP4: =AN4-AO4 -> -648.5 | AQ4: ='Avril 25 '!AP4+'Mai 25'!AN4 -> 2996.29 | AR4: ='Avril 25 '!AQ4+'Mai 25'!AO4 -> 3009 | AS4: =AQ4-AR4 -> -12.71
A5: L12 | B5: 2 | C5: 20 | D5: 43 | E5: 27 | F5: 48 | G5: 0 | H5: 26 | I5: 0 | J5: 24 | K5: 7 | L5: 0 | M5: 0 | N5: 2 | O5: 2 | P5: 23 | Q5: 0 | R5: 40 | S5: 0 | T5: 0 | U5: 12 | V5: 0 | W5: 5 | X5: 26 | Y5: 17 | Z5: 0 | AA5: 3 | AB5: 0 | AC5: 6 | AD5: 7 | AE5: 0 | AF5: 0 | AH5: L12 | AI5: =SUM(B5:AF5) -> 340 | AJ5: =AVERAGE(B5:AF5) -> 10.967742 | AK5: 18 | AL5: =AF5-AK5 -> -18 | AM5: =AJ5-AK5 -> -7.0322581 | AN5: =AI5 -> 340 | AO5: 694 | AP5: =AN5-AO5 -> -354 | AQ5: ='Avril 25 '!AP5+'Mai 25'!AN5 -> 5008 | AR5: ='Avril 25 '!AQ5+'Mai 25'!AO5 -> 2831 | AS5: =AQ5-AR5 -> 2177
A6: L13 | B6: 58 | C6: 12 | D6: 12 | E6: 31 | F6: 12 | G6: 5 | H6: 178 | I6: 13 | J6: 17.5 | K6: 55 | L6: 17 | M6: 0 | N6: 8 | O6: 17 | P6: 14 | Q6: 19 | R6: 31 | S6: 21 | T6: 21 | U6: 20 | V6: 10 | W6: 19 | X6: 0 | Y6: 15 | Z6: 12 | AA6: 0 | AB6: 15 | AC6: 2 | AD6: 6 | AE6: 23 | AF6: 14 | AH6: L13 | AI6: =SUM(B6:AF6) -> 677.5 | AJ6: =AVERAGE(B6:AF6) -> 21.854839 | AK6: 18 | AL6: =AF6-AK6 -> -4 | AM6: =AJ6-AK6 -> 3.8548387 | AN6: =AI6 -> 677.5 | AO6: 419 | AP6: =AN6-AO6 -> 258.5 | AQ6: ='Avril 25 '!AP6+'Mai 25'!AN6 -> 4052.37 | AR6: ='Avril 25 '!AQ6+'Mai 25'!AO6 -> 1669 | AS6: =AQ6-AR6 -> 2383.37
A7: Moyenne Four 1 | B7: =AVERAGE(B4:B6) -> 21.333333 | C7: =AVERAGE(C4:C6) -> 10.666667 | D7: =AVERAGE(D4:D6) -> 21.333333 | E7: =AVERAGE(E4:E6) -> 24 | F7: =AVERAGE(F4:F6) -> 23.666667 | G7: =AVERAGE(G4:G6) -> 4.6666667 | H7: =AVERAGE(H4:H6) -> 69.333333 | I7: =AVERAGE(I4:I6) -> 8.3333333 | ... AF7: =AVERAGE(AF4:AF6) -> 4.6666667 | AH7: Four 1 | AI7: =AVERAGE(AI4:AI6) -> 482.33333 | AJ7: =AVERAGE(AJ4:AJ6) -> 15.55914 | AK7: 18 | AL7: =AF7-AK7 -> -13.333333 | AM7: =AJ7-AK7 -> -2.4408602 | AN7: =SUM(AN4:AN6) -> 1447 | AO7: =SUM(AO4:AO6) -> 2191 | AP7: =AN7-AO7 -> -744 | AQ7: =SUM(AQ4:AQ6) -> 12056.66 | AR7: ='Avril 25 '!AQ7+'Mai 25'!AO7 -> 7509 | AS7: =AQ7-AR7 -> 4547.66
A8: L21 | B8: 40 | C8: 13 | D8: 5 | E8: 5 | F8: 13 | G8: 15 | H8: 4 | I8: 0 | J8: 5.6 | K8: 19 | L8: 15 | M8: 4 | N8: 0 | O8: 0 | P8: 0 | Q8: 6 | R8: 0 | S8: 0 | T8: 0 | U8: 3 | V8: 0 | W8: 0 | X8: 0 | Y8: 0 | Z8: 5 | AA8: 0 | AB8: 0 | AC8: 0 | AD8: 0 | AE8: 15 | AF8: 0 | AH8: L21 | AI8: =SUM(B8:AF8) -> 167.6 | AJ8: =AVERAGE(B8:AF8) -> 5.4064516 | AK8: 18 | AL8: =AF8-AK8 -> -18 | AM8: =AJ8-AK8 -> -12.593548 | AN8: =AI8 -> 167.6 | AO8: 278 | AP8: =AN8-AO8 -> -110.4 | AQ8: ='Avril 25 '!AP8+'Mai 25'!AN8 -> 2218.7 | AR8: ='Avril 25 '!AQ8+'Mai 25'!AO8 -> 1105 | AS8: =AQ8-AR8 -> 1113.7
A9: L22 | B9: 0 | C9: 0 | D9: 6 | E9: 9 | F9: 0 | G9: 3 | H9: 30 | I9: 34 | J9: 5 | K9: 0 | L9: 5 | M9: 0 | N9: 0 | O9: 0 | P9: 0 | Q9: 9 | R9: 9 | S9: 4 | T9: 0 | U9: 3 | V9: 6 | W9: 194 | X9: 55 | Y9: 24 | Z9: 0 | AA9: 0 | AB9: 28 | AC9: 0 | AD9: 13 | AE9: 29 | AF9: 0 | AH9: L22 | AI9: =SUM(B9:AF9) -> 466 | AJ9: =AVERAGE(B9:AF9) -> 15.032258 | AK9: 18 | AL9: =AF9-AK9 -> -18 | AM9: =AJ9-AK9 -> -2.9677419 | AN9: =AI9 -> 466 | AO9: 743 | AP9: =AN9-AO9 -> -277 | AQ9: ='Avril 25 '!AP9+'Mai 25'!AN9 -> 2936 | AR9: ='Avril 25 '!AQ9+'Mai 25'!AO9 -> 2721 | AS9: =AQ9-AR9 -> 215
A10: L23 | B10: 43 | C10: 19 | D10: 44 | E10: 15 | F10: 1 | G10: 4 | H10: 11 | I10: 0 | J10: 16 | K10: 40 | L10: 40 | M10: 3 | N10: 0 | O10: 0 | P10: 0 | Q10: 13 | R10: 6 | S10: 11 | T10: 0 | U10: 15 | V10: 12 | W10: 3 | X10: 0 | Y10: 26 | Z10: 4 | AA10: 4 | AB10: 0 | AC10: 18 | AD10: 0 | AE10: 10 | AF10: 0 | AH10: L23 | AI10: =SUM(B10:AF10) -> 358 | AJ10: =AVERAGE(B10:AF10) -> 11.548387 | AK10: 18 | AL10: =AF10-AK10 -> -18 | AM10: =AJ10-AK10 -> -6.4516129 | AN10: =AI10 -> 358 | AO10: 391 | AP10: =AN10-AO10 -> -33 | AQ10: ='Avril 25 '!AP10+'Mai 25'!AN10 -> 2189 | AR10: ='Avril 25 '!AQ10+'Mai 25'!AO10 -> 1427 | AS10: =AQ10-AR10 -> 762
A11: Four 2 | B11: =AVERAGE(B8:B10) -> 27.666667 | C11: =AVERAGE(C8:C10) -> 10.666667 | D11: =AVERAGE(D8:D10) -> 18.333333 | E11: =AVERAGE(E8:E10) -> 9.6666667 | F11: =AVERAGE(F8:F10) -> 4.6666667 | G11: =AVERAGE(G8:G10) -> 7.3333333 | H11: =AVERAGE(H8:H10) -> 15 | I11: =AVERAGE(I8:I10) -> 11.333333 | ... AF11: =AVERAGE(AF8:AF10) -> 0 | AH11: Four 2 | AI11: =AVERAGE(AI8:AI10) -> 330.53333 | AJ11: =AVERAGE(AJ8:AJ10) -> 10.662366 | AK11: 18 | AL11: =AF11-AK11 -> -18 | AM11: =AJ11-AK11 -> -7.3376344 | AN11: =SUM(AN8:AN10) -> 991.6 | AO11: =SUM(AO8:AO10) -> 1412 | AP11: =AN11-AO11 -> -420.4 | AQ11: ='Avril 25 '!AP11+'Mai 25'!AN11 -> 7343.7 | AR11: ='Avril 25 '!AQ11+'Mai 25'!AO11 -> 5253 | AS11: =AQ11-AR11 -> 2090.7
A13: Total des arrets TM | B13: =AVERAGE(B11,B7) -> 24.5 | C13: =AVERAGE(C11,C7) -> 10.666667 | D13: =AVERAGE(D11,D7) -> 19.833333 | E13: =AVERAGE(E11,E7) -> 16.833333 | F13: =AVERAGE(F11,F7) -> 14.166667 | G13: =AVERAGE(G11,G7) -> 6 | H13: =AVERAGE(H11,H7) -> 42.166667 | I13: =AVERAGE(I11,I7) -> 9.8333333 | ... AF13: =AVERAGE(AF11,AF7) -> 2.3333333 | AH13: Total des arrets TM | AI13: =AVERAGE(AI11,AI7) -> 406.43333 | AJ13: =AVERAGE(AJ11,AJ7) -> 13.110753 | AK13: 18 | AL13: =AF13-AK13 -> -15.666667 | AM13: =AJ13-AK13 -> -4.8892473 | AN13: =SUM(AN7,AN11) -> 2438.6 | AO13: =SUM(AO7,AO11) -> 3603 | AP13: =AN13-AO13 -> -1164.4 | AQ13: =SUM(AQ11,AQ7) -> 19400.36 | AR13: =SUM(AR11,AR7) -> 12762 | AS13: =AQ13-AR13 -> 6638.36

Sheet Avril 25 
A1: Suivi quotidien des arrêts de ligne de fabrication du mois de Avril 2025 (en min)
B3: 45748 | C3: 45749 | D3: 45750 | E3: 45751 | F3: 45752 | G3: 45753 | H3: 45754 | I3: 45755 | J3: 45756 | K3: 45757 | L3: 45758 | M3: 45759 | N3: 45760 | O3: 45761 | P3: 45762 | Q3: 45763 | R3: 45764 | S3: 45765 | T3: 45766 | U3: 45767 | V3: 45768 | W3: 45769 | X3: 45770 | Y3: 45771 | Z3: 45772 | AA3: 45773 | AB3: 45774 | AC3: 45775 | AD3: 45776 | AE3: 45777 | AH3: Total des arrêts (min) | AI3: Moyenne des arrets par jour (min) | AJ3: Seuil des arrets 2024 par jour (min) | AK3: Ecart des arrets journalier / Seuile des arrets 2024 | AL3: Ecart moyenne des arrets / Seuile des arrets 2024 | AM3: Total des arrêts 2025 (min) (Avril) | AN3: Total des arrêts 2024 (min) (Avril) | AO3: Ecart Totale des arrets 2025 / Totale des arrets 2024 | AP3: Total des arrêts 2025 (min) | AQ3: Total des arrêts 2024 (min) | AR3: Ecart Totale des arrets 2025 / Totale des arrets 2024
A4: L11 | B4: 11 | C4: 10 | D4: 0 | E4: 25.62 | F4: 36 | G4: 35 | H4: 11 | I4: 21 | J4: 5 | K4: 12 | L4: 14 | M4: 4 | N4: 6 | O4: 0 | P4: 99 | Q4: 7 | R4: 4 | S4: 5 | T4: 34 | U4: 6 | V4: 39 | W4: 0 | X4: 9 | Y4: 3 | Z4: 3 | AA4: 4 | AB4: 12 | AC4: 26 | AD4: 9 | AE4: 13 | AG4: L11 | AH4: =SUM(B4:AE4) -> 463.62 | AI4: =AVERAGE(B4:AE4) -> 15.454 | AJ4: 18 | AK4: =AE4-AJ4 -> -5 | AL4: =AI4-AJ4 -> -2.546 | AM4: =AH4 -> 463.62 | AN4: 658 | AO4: =AM4-AN4 -> -194.38 | AP4: ='Mars 25'!AQ4+'Avril 25 '!AM4 -> 2566.79 | AQ4: ='Mars 25'!AR4+'Avril 25 '!AN4 -> 1931 | AR4: =AP4-AQ4 -> 635.79
A5: L12 | B5: 8 | C5: 1 | D5: 345 | E5: 4 | F5: 21 | G5: 31 | H5: 103 | I5: 0 | J5: 49 | K5: 54 | L5: 7 | M5: 8 | N5: 0 | O5: 19 | P5: 0 | Q5: 2 | R5: 45 | S5: 56 | T5: 4 | U5: 3 | V5: 55 | W5: 16 | X5: 10 | Y5: 3 | Z5: 3 | AA5: 7 | AB5: 7 | AC5: 16 | AD5: 3 | AE5: 8 | AG5: L12 | AH5: =SUM(B5:AE5) -> 888 | AI5: =AVERAGE(B5:AE5) -> 29.6 | AJ5: 18 | AK5: =AE5-AJ5 -> -10 | AL5: =AI5-AJ5 -> 11.6 | AM5: =AH5 -> 888 | AN5: 706 | AO5: =AM5-AN5 -> 182 | AP5: ='Mars 25'!AQ5+'Avril 25 '!AM5 -> 4668 | AQ5: ='Mars 25'!AR5+'Avril 25 '!AN5 -> 2137 | AR5: =AP5-AQ5 -> 2531
A6: L13 | B6: 7 | C6: 7 | D6: 73 | E6: 6 | F6: 3 | G6: 5 | H6: 11 | I6: 28 | J6: 11 | K6: 7 | L6: 9 | M6: 15 | N6: 2 | O6: 4 | P6: 2 | Q6: 15 | R6: 36 | S6: 11 | T6: 13 | U6: 20 | V6: 111 | W6: 13 | X6: 111 | Y6: 39 | Z6: 38 | AA6: 34 | AB6: 24 | AC6: 5 | AD6: 14 | AE6: 3 | AG6: L13 | AH6: =SUM(B6:AE6) -> 677 | AI6: =AVERAGE(B6:AE6) -> 22.566667 | AJ6: 18 | AK6: =AE6-AJ6 -> -15 | AL6: =AI6-AJ6 -> 4.5666667 | AM6: =AH6 -> 677 | AN6: 545 | AO6: =AM6-AN6 -> 132 | AP6: ='Mars 25'!AQ6+'Avril 25 '!AM6 -> 3374.87 | AQ6: ='Mars 25'!AR6+'Avril 25 '!AN6 -> 1250 | AR6: =AP6-AQ6 -> 2124.87
A7: Moyenne Four 1 | B7: =AVERAGE(B4:B6) -> 8.6666667 | C7: =AVERAGE(C4:C6) -> 6 | D7: =AVERAGE(D4:D6) -> 139.33333 | E7: =AVERAGE(E4:E6) -> 11.873333 | F7: =AVERAGE(F4:F6) -> 20 | G7: =AVERAGE(G4:G6) -> 23.666667 | H7: =AVERAGE(H4:H6) -> 41.666667 | I7: =AVERAGE(I4:I6) -> 16.333333 | ... AE7: =AVERAGE(AE4:AE6) -> 8 | AG7: Four 1 | AH7: =AVERAGE(AH4:AH6) -> 676.20667 | AI7: =AVERAGE(AI4:AI6) -> 22.540222 | AJ7: 18 | AK7: =AE7-AJ7 -> -10 | AL7: =AI7-AJ7 -> 4.5402222 | AM7: =SUM(AM4:AM6) -> 2028.62 | AN7: =SUM(AN4:AN6) -> 1909 | AO7: =AM7-AN7 -> 119.62 | AP7: ='Mars 25'!AQ7+'Avril 25 '!AM7 -> 10609.66 | AQ7: ='Mars 25'!AR7+'Avril 25 '!AN7 -> 5318 | AR7: =AP7-AQ7 -> 5291.66
A8: L21 | B8: 0 | C8: 0 | D8: 0 | E8: 0 | F8: 74 | G8: 23 | H8: 3 | I8: 16 | J8: 71 | K8: 23 | L8: 11 | M8: 97 | N8: 0 | O8: 21 | P8: 15 | Q8: 82 | R8: 41 | S8: 8 | T8: 0 | U8: 9 | V8: 8 | W8: 0 | X8: 8 | Y8: 0 | Z8: 0 | AA8: 4 | AB8: 0 | AC8: 29 | AD8: 30 | AE8: 4 | AG8: L21 | AH8: =SUM(B8:AE8) -> 577 | AI8: =AVERAGE(B8:AE8) -> 19.233333 | AJ8: 18 | AK8: =AE8-AJ8 -> -14 | AL8: =AI8-AJ8 -> 1.2333333 | AM8: =AH8 -> 577 | AN8: 110 | AO8: =AM8-AN8 -> 467 | AP8: ='Mars 25'!AQ8+'Avril 25 '!AM8 -> 2051.1 | AQ8: ='Mars 25'!AR8+'Avril 25 '!AN8 -> 827 | AR8: =AP8-AQ8 -> 1224.1
A9: L22 | B9: 5 | C9: 0 | D9: 0 | E9: 0 | F9: 15 | G9: 4 | H9: 10 | I9: 20 | J9: 0 | K9: 0 | L9: 85 | M9: 20 | N9: 9 | O9: 25 | P9: 32 | Q9: 33 | R9: 33 | S9: 18 | T9: 39 | U9: 0 | V9: 0 | W9: 0 | X9: 13 | Y9: 15 | Z9: 1 | AA9: 3 | AB9: 5 | AC9: 6 | AD9: 16 | AE9: 0 | AG9: L22 | AH9: =SUM(B9:AE9) -> 407 | AI9: =AVERAGE(B9:AE9) -> 13.566667 | AJ9: 18 | AK9: =AE9-AJ9 -> -18 | AL9: =AI9-AJ9 -> -4.4333333 | AM9: =AH9 -> 407 | AN9: 427 | AO9: =AM9-AN9 -> -20 | AP9: ='Mars 25'!AQ9+'Avril 25 '!AM9 -> 2470 | AQ9: ='Mars 25'!AR9+'Avril 25 '!AN9 -> 1978 | AR9: =AP9-AQ9 -> 492
A10: L23 | B10: 360 | C10: 0 | D10: 0 | E10: 0 | F10: 0 | G10: 9 | H10: 8 | I10: 19 | J10: 33 | K10: 20 | L10: 0 | M10: 40 | N10: 0 | O10: 4 | P10: 0 | Q10: 25 | R10: 0 | S10: 64 | T10: 14 | U10: 225 | V10: 0 | W10: 60 | X10: 25 | Y10: 34 | Z10: 27 | AA10: 4 | AB10: 19 | AC10: 16 | AD10: 15 | AE10: 18 | AG10: L23 | AH10: =SUM(B10:AE10) -> 1039 | AI10: =AVERAGE(B10:AE10) -> 34.633333 | AJ10: 18 | AK10: =AE10-AJ10 -> 0 | AL10: =AI10-AJ10 -> 16.633333 | AM10: =AH10 -> 1039 | AN10: 440 | AO10: =AM10-AN10 -> 599 | AP10: ='Mars 25'!AQ10+'Avril 25 '!AM10 -> 1831 | AQ10: ='Mars 25'!AR10+'Avril 25 '!AN10 -> 1036 | AR10: =AP10-AQ10 -> 795
A11: Four 2 | B11: =AVERAGE(B8:B10) -> 121.66667 | C11: =AVERAGE(C8:C10) -> 0 | D11: =AVERAGE(D8:D10) -> 0 | E11: =AVERAGE(E8:E10) -> 0 | F11: =AVERAGE(F8:F10) -> 29.666667 | G11: =AVERAGE(G8:G10) -> 12 | H11: =AVERAGE(H8:H10) -> 7 | I11: =AVERAGE(I8:I10) -> 18.333333 | ... AE11: =AVERAGE(AE8:AE10) -> 7.3333333 | AG11: Four 2 | AH11: =AVERAGE(AH8:AH10) -> 674.33333 | AI11: =AVERAGE(AI8:AI10) -> 22.477778 | AJ11: 18 | AK11: =AE11-AJ11 -> -10.666667 | AL11: =AI11-AJ11 -> 4.4777778 | AM11: =SUM(AM8:AM10) -> 2023 | AN11: =SUM(AN8:AN10) -> 977 | AO11: =AM11-AN11 -> 1046 | AP11: ='Mars 25'!AQ11+'Avril 25 '!AM11 -> 6352.1 | AQ11: ='Mars 25'!AR11+'Avril 25 '!AN11 -> 3841 | AR11: =AP11-AQ11 -> 2511.1
A13: Total des arrets TM | B13: =AVERAGE(B11,B7) -> 65.166667 | C13: =AVERAGE(C11,C7) -> 3 | D13: =AVERAGE(D11,D7) -> 69.666667 | E13: =AVERAGE(E11,E7) -> 5.9366667 | F13: =AVERAGE(F11,F7) -> 24.833333 | G13: =AVERAGE(G11,G7) -> 17.833333 | H13: =AVERAGE(H11,H7) -> 24.333333 | I13: =AVERAGE(I11,I7) -> 17.333333 | ... AE13: =AVERAGE(AE11,AE7) -> 7.6666667 | AG13: Total des arrets TM | AH13: =AVERAGE(AH11,AH7) -> 675.27 | AI13: =AVERAGE(AI11,AI7) -> 22.509 | AJ13: 18 | AK13: =AE13-AJ13 -> -10.333333 | AL13: =AI13-AJ13 -> 4.509 | AM13: =SUM(AM7,AM11) -> 4051.62 | AN13: =SUM(AN7,AN11) -> 2886 | AO13: =AM13-AN13 -> 1165.62 | AP13: =SUM(AP11,AP7) -> 16961.76 | AQ13: =SUM(AQ11,AQ7) -> 9159 | AR13: =AP13-AQ13 -> 7802.76

Sheet Mars 25
A1: Suivi quotidien des arrêts de ligne de fabrication du mois de Mars 2025 (en min)
B3: 45717 | C3: 45718 | D3: 45719 | E3: 45720 | F3: 45721 | G3: 45722 | H3: 45723 | I3: 45724 | J3: 45725 | K3: 45726 | L3: 45727 | M3: 45728 | N3: 45729 | O3: 45730 | P3: 45731 | Q3: 45732 | R3: 45733 | S3: 45734 | T3: 45735 | U3: 45736 | V3: 45737 | W3: 45738 | X3: 45739 | Y3: 45740 | Z3: 45741 | AA3: 45742 | AB3: 45743 | AC3: 45744 | AD3: 45745 | AE3: 45746 | AF3: 45747 | AI3: Total des arrêts (min) | AJ3: Moyenne des arrets par jour (min) | AK3: Seuil des arrets 2024 par jour (min) | AL3: Ecart des arrets journalier / Seuile des arrets 2024 | AM3: Ecart moyenne des arrets / Seuile des arrets 2024 | AN3: Total des arrêts 2025 (min) (Mars) | AO3: Total des arrêts 2024 (min) (Mars) | AP3: Ecart Totale des arrets 2025 / Totale des arrets 2024 | AQ3: Total des arrêts 2025 (min) | AR3: Total des arrêts 2024 (min) | AS3: Ecart Totale des arrets 2025 / Totale des arrets 2024
A4: L11 | B4: 41 | C4: 0 | D4: 3 | E4: 20 | F4: 0 | G4: 8.57 | H4: 0 | I4: 11 | J4: 2.1 | K4: 2.5 | L4: 61 | M4: 2 | N4: 14 | O4: 4 | P4: 122 | Q4: 13 | R4: 9 | S4: 35 | T4: 9 | U4: 6 | V4: 0 | W4: 15 | X4: 3 | Y4: 14 | Z4: 10 | AA4: 22 | AB4: 8 | AC4: 13 | AD4: 4 | AE4: 15 | AF4: 24 | AH4: L11 | AI4: =SUM(B4:AF4) -> 491.17 | AJ4: =AVERAGE(B4:AF4) -> 15.844194 | AK4: 18 | AL4: =AF4-AK4 -> 6 | AM4: =AJ4-AK4 -> -2.1558065 | AN4: =AI4 -> 491.17 | AO4: 384 | AP4: =AN4-AO4 -> 107.17 | AQ4: =AI4+'Février 25'!AN4 -> 2103.17 | AR4: =AO4+'Février 25'!AO4 -> 1273 | AS4: =AQ4-AR4 -> 830.17
A5: L12 | B5: 2 | C5: 4 | D5: 4 | E5: 358 | F5: 2 | G5: 29 | H5: 0 | I5: 19 | J5: 5 | K5: 8 | L5: 0 | M5: 21 | N5: 0 | O5: 828 | P5: 111 | Q5: 0 | R5: 9 | S5: 50 | T5: 0 | U5: 0 | V5: 0 | W5: 2 | X5: 0 | Y5: 0 | Z5: 0 | AA5: 0 | AB5: 0 | AC5: 0 | AD5: 2 | AE5: 24 | AF5: 41 | AH5: L12 | AI5: =SUM(B5:AF5) -> 1519 | AJ5: =AVERAGE(B5:AF5) -> 49 | AK5: 18 | AL5: =AF5-AK5 -> 23 | AM5: =AJ5-AK5 -> 31 | AN5: =AI5 -> 1519 | AO5: 411 | AP5: =AN5-AO5 -> 1108 | AQ5: =AI5+'Février 25'!AN5 -> 3780 | AR5: =AO5+'Février 25'!AO5 -> 1431 | AS5: =AQ5-AR5 -> 2349
A6: L13 | B6: 35 | C6: 193 | D6: 19 | E6: 11.87 | F6: 19 | G6: 18 | H6: 69 | I6: 78.5 | J6: 46.5 | K6: 14.5 | L6: 3 | M6: 9 | N6: 23 | O6: 17 | P6: 15 | Q6: 14 | R6: 17 | S6: 17 | T6: 18 | U6: 0 | V6: 19 | W6: 18 | X6: 16 | Y6: 17 | Z6: 8 | AA6: 4 | AB6: 249 | AC6: 21 | AD6: 21 | AE6: 9 | AF6: 17 | AH6: L13 | AI6: =SUM(B6:AF6) -> 1036.37 | AJ6: =AVERAGE(B6:AF6) -> 33.43129 | AK6: 18 | AL6: =AF6-AK6 -> -1 | AM6: =AJ6-AK6 -> 15.43129 | AN6: =AI6 -> 1036.37 | AO6: 174 | AP6: =AN6-AO6 -> 862.37 | AQ6: =AI6+'Février 25'!AN6 -> 2697.87 | AR6: =AO6+'Février 25'!AO6 -> 705 | AS6: =AQ6-AR6 -> 1992.87
A7: Moyenne Four 1 | B7: =AVERAGE(B4:B6) -> 26 | C7: =AVERAGE(C4:C6) -> 65.666667 | D7: =AVERAGE(D4:D6) -> 8.6666667 | E7: =AVERAGE(E4:E6) -> 129.95667 | F7: =AVERAGE(F4:F6) -> 7 | G7: =AVERAGE(G4:G6) -> 18.523333 | H7: =AVERAGE(H4:H6) -> 23 | I7: =AVERAGE(I4:I6) -> 36.166667 | ... AF7: =AVERAGE(AF4:AF6) -> 27.333333 | AH7: Four 1 | AI7: =AVERAGE(AI4:AI6) -> 1015.5133 | AJ7: =AVERAGE(AJ4:AJ6) -> 32.758495 | AK7: 18 | AL7: =AF7-AK7 -> 9.3333333 | AM7: =AJ7-AK7 -> 14.758495 | AN7: =SUM(AN4:AN6) -> 3046.54 | AO7: =SUM(AO4:AO6) -> 969 | AP7: =AN7-AO7 -> 2077.54 | AQ7: =SUM(AQ4:AQ6) -> 8581.04 | AR7: =SUM(AR4:AR6) -> 3409 | AS7: =AQ7-AR7 -> 5172.04
A8: L21 | B8: 0 | C8: 8 | D8: 0 | E8: 11 | F8: 0 | G8: 0 | H8: 0 | I8: 0 | J8: 8.1 | K8: 0 | L8: 7 | M8: 11 | N8: 8 | O8: 203 | P8: 84 | Q8: 79 | R8: 101 | S8: 16 | T8: 0 | U8: 0 | V8: 0 | W8: 6 | X8: 0 | Y8: 18 | Z8: 0 | AA8: 3 | AB8: 6 | AC8: 0 | AD8: 17 | AE8: 0 | AF8: 0 | AH8: L21 | AI8: =SUM(B8:AF8) -> 586.1 | AJ8: =AVERAGE(B8:AF8) -> 18.906452 | AK8: 18 | AL8: =AF8-AK8 -> -18 | AM8: =AJ8-AK8 -> 0.90645161 | AN8: =AI8 -> 586.1 | AO8: 214 | AP8: =AN8-AO8 -> 372.1 | AQ8: =AI8+'Février 25'!AN8 -> 1474.1 | AR8: =AO8+'Février 25'!AO8 -> 717 | AS8: =AQ8-AR8 -> 757.1
A9: L22 | B9: 0 | C9: 8 | D9: 0 | E9: 17 | F9: 0 | G9: 9 | H9: 0 | I9: 0 | J9: 0 | K9: 0 | L9: 0 | M9: 10 | N9: 1 | O9: 0 | P9: 33 | Q9: 0 | R9: 0 | S9: 3 | T9: 45 | U9: 30 | V9: 4 | W9: 0 | X9: 134 | Y9: 15 | Z9: 0 | AA9: 0 | AB9: 0 | AC9: 0 | AD9: 0 | AE9: 0 | AF9: 10 | AH9: L22 | AI9: =SUM(B9:AF9) -> 319 | AJ9: =AVERAGE(B9:AF9) -> 10.290323 | AK9: 18 | AL9: =AF9-AK9 -> -8 | AM9: =AJ9-AK9 -> -7.7096774 | AN9: =AI9 -> 319 | AO9: 268 | AP9: =AN9-AO9 -> 51 | AQ9: =AI9+'Février 25'!AN9 -> 2063 | AR9: =AO9+'Février 25'!AO9 -> 1551 | AS9: =AQ9-AR9 -> 512
A10: L23 | B10: 15 | C10: 6 | D10: 43 | E10: 0 | F10: 3 | G10: 2 | H10: 0 | I10: 0 | J10: 0 | K10: 0 | L10: 9 | M10: 13 | N10: 0 | O10: 0 | P10: 39 | Q10: 3 | R10: 0 | S10: 29 | T10: 15 | U10: 0 | V10: 22 | W10: 0 | X10: 0 | Y10: 0 | Z10: 3 | AA10: 17 | AB10: 4 | AC10: 10 | AD10: 0 | AE10: 139 | AF10: 0 | AH10: L23 | AI10: =SUM(B10:AF10) -> 372 | AJ10: =AVERAGE(B10:AF10) -> 12 | AK10: 18 | AL10: =AF10-AK10 -> -18 | AM10: -7 | AN10: =AI10 -> 372 | AO10: 194 | AP10: =AN10-AO10 -> 178 | AQ10: =AI10+'Février 25'!AN10 -> 792 | AR10: =AO10+'Février 25'!AO10 -> 596 | AS10: =AQ10-AR10 -> 196
A11: Four 2 | B11: =AVERAGE(B8:B10) -> 5 | C11: =AVERAGE(C8:C10) -> 7.3333333 | D11: =AVERAGE(D8:D10) -> 14.333333 | E11: =AVERAGE(E8:E10) -> 9.3333333 | F11: =AVERAGE(F8:F10) -> 1 | G11: =AVERAGE(G8:G10) -> 3.6666667 | H11: =AVERAGE(H8:H10) -> 0 | I11: =AVERAGE(I8:I10) -> 0 | ... AF11: =AVERAGE(AF8:AF10) -> 3.3333333 | AH11: Four 2 | AI11: =AVERAGE(AI8:AI10) -> 425.7 | AJ11: =AVERAGE(AJ8:AJ10) -> 13.732258 | AK11: 18 | AL11: =AF11-AK11 -> -14.666667 | AM11: =AJ11-AK11 -> -4.2677419 | AN11: =SUM(AN8:AN10) -> 1277.1 | AO11: =SUM(AO8:AO10) -> 676 | AP11: =AN11-AO11 -> 601.1 | AQ11: =SUM(AQ8:AQ10) -> 4329.1 | AR11: =SUM(AR8:AR10) -> 2864 | AS11: =AQ11-AR11 -> 1465.1
A13: Total des arrets TM | B13: =AVERAGE(B11,B7) -> 15.5 | C13: =AVERAGE(C11,C7) -> 36.5 | D13: =AVERAGE(D11,D7) -> 11.5 | E13: =AVERAGE(E11,E7) -> 69.645 | F13: =AVERAGE(F11,F7) -> 4 | G13: =AVERAGE(G11,G7) -> 11.095 | H13: =AVERAGE(H11,H7) -> 11.5 | I13: =AVERAGE(I11,I7) -> 18.083333 | ... AF13: =AVERAGE(AF11,AF7) -> 15.333333 | AH13: Total des arrets TM | AI13: =AVERAGE(AI11,AI7) -> 720.60667 | AJ13: =AVERAGE(AJ11,AJ7) -> 23.245376 | AK13: 18 | AL13: =AF13-AK13 -> -2.6666667 | AM13: =AJ13-AK13 -> 5.2453763 | AN13: =SUM(AN7,AN11) -> 4323.64 | AO13: =SUM(AO7,AO11) -> 1645 | AP13: =AN13-AO13 -> 2678.64 | AQ13: =SUM(AQ11,AQ7) -> 12910.14 | AR13: =SUM(AR11,AR7) -> 6273 | AS13: =AQ13-AR13 -> 6637.14

Sheet Février 25
A1: Suivi quotidien des arrêts de ligne de fabrication du mois de Fevrier 2025 (en min)
B3: 45689 | C3: 45690 | D3: 45691 | E3: 45692 | F3: 45693 | G3: 45694 | H3: 45695 | I3: 45696 | J3: 45697 | K3: 45698 | L3: 45699 | M3: 45700 | N3: 45701 | O3: 45702 | P3: 45703 | Q3: 45704 | R3: 45705 | S3: 45706 | T3: 45707 | U3: 45708 | V3: 45709 | W3: 45710 | X3: 45711 | Y3: 45712 | Z3: 45713 | AA3: 45714 | AB3: 45715 | AC3: 45716 | AF3: Total des arrêts (min) | AG3: Moyenne des arrets par jour (min) | AH3: Seuil des arrets 2024 par jour (min) | AI3: Ecart des arrets journalier / Seuile des arrets 2024 | AJ3: Ecart moyenne des arrets / Seuile des arrets 2024 | AK3: Total des arrêts 2025 (min) (Février) | AL3: Total des arrêts 2024 (min) (Février) | AM3: Ecart Totale des arrets 2025 / Totale des arrets 2024 | AN3: Total des arrêts 2025 (min) | AO3: Total des arrêts 2024 (min) | AP3: Ecart Totale des arrets 2025 / Totale des arrets 2024
A4: L11 | B4: 33 | C4: 0 | D4: 19 | E4: 11 | F4: 0 | G4: 0 | H4: 6 | I4: 0 | J4: 6 | K4: 0 | L4: 14 | M4: 4 | N4: 15 | O4: 19 | P4: 17 | Q4: 9 | R4: 6 | S4: 7 | T4: 22 | U4: 3 | V4: 665 | W4: 17 | X4: 3 | Y4: 95 | Z4: 9 | AA4: 15 | AB4: 6 | AC4: 13 | AE4: L11 | AF4: =SUM(B4:AC4) -> 1014 | AG4: =AVERAGE(B4:AC4) -> 36.214286 | AH4: 18 | AI4: =AC4-AH4 -> -5 | AJ4: =AG4-AH4 -> 18.214286 | AK4: =AF4 -> 1014 | AL4: 501 | AM4: =AK4-AL4 -> 513 | AN4: =AK4+'Janvier 25'!AN4 -> 1612 | AO4: =388+AL4 -> 889 | AP4: =AN4-AO4 -> 723
A5: L12 | B5: 1 | C5: 0 | D5: 0 | E5: 3 | F5: 0 | G5: 4 | H5: 11 | I5: 4 | J5: 0 | K5: 30 | L5: 19 | M5: 6 | N5: 0 | O5: 4 | P5: 0 | Q5: 13 | R5: 0 | S5: 6 | T5: 2 | U5: 8 | V5: 18 | W5: 15 | X5: 0 | Y5: 0 | Z5: 2 | AA5: 15 | AB5: 22 | AC5: 0 | AE5: L12 | AF5: =SUM(B5:AC5) -> 183 | AG5: =AVERAGE(B5:AC5) -> 6.5357143 | AH5: 18 | AI5: =AC5-AH5 -> -18 | AJ5: =AG5-AH5 -> -11.464286 | AK5: =AF5 -> 183 | AL5: 583 | AM5: =AK5-AL5 -> -400 | AN5: =AK5+'Janvier 25'!AN5 -> 2261 | AO5: =437+AL5 -> 1020 | AP5: =AN5-AO5 -> 1241
A6: L13 | B6: 12 | C6: 3 | D6: 8 | E6: 8 | F6: 11 | G6: 59 | H6: 5 | I6: 29 | J6: 188.5 | K6: 3 | L6: 23 | M6: 5 | N6: 7 | O6: 256 | P6: 11 | Q6: 4 | R6: 4 | S6: 23 | T6: 13 | U6: 54 | V6: 58 | W6: 32 | X6: 33 | Y6: 15 | Z6: 15 | AA6: 22 | AB6: 24 | AC6: 28 | AE6: L13 | AF6: =SUM(B6:AC6) -> 953.5 | AG6: =AVERAGE(B6:AC6) -> 34.053571 | AH6: 18 | AI6: =AC6-AH6 -> 10 | AJ6: =AG6-AH6 -> 16.053571 | AK6: =AF6 -> 953.5 | AL6: 441 | AM6: =AK6-AL6 -> 512.5 | AN6: =AK6+'Janvier 25'!AN6 -> 1661.5 | AO6: =90+AL6 -> 531 | AP6: =AN6-AO6 -> 1130.5
A7: Moyenne Four 1 | B7: =AVERAGE(B4:B6) -> 15.333333 | C7: =AVERAGE(C4:C6) -> 1 | D7: =AVERAGE(D4:D6) -> 9 | E7: =AVERAGE(E4:E6) -> 7.3333333 | F7: =AVERAGE(F4:F6) -> 3.6666667 | G7: =AVERAGE(G4:G6) -> 21 | H7: =AVERAGE(H4:H6) -> 7.3333333 | I7: =AVERAGE(I4:I6) -> 11 | ... AC7: =AVERAGE(AC4:AC6) -> 13.666667 | AE7: Four 1 | AF7: =AVERAGE(AF4:AF6) -> 716.83333 | AG7: =AVERAGE(AG4:AG6) -> 25.60119 | AH7: 18 | AI7: =AC7-AH7 -> -4.3333333 | AJ7: =AG7-AH7 -> 7.6011905 | AK7: =SUM(AK4:AK6) -> 2150.5 | AL7: =SUM(AL4:AL6) -> 1525 | AM7: =AK7-AL7 -> 625.5 | AN7: =SUM(AN4:AN6) -> 5534.5 | AO7: =SUM(AO4:AO6) -> 2440 | AP7: =AN7-AO7 -> 3094.5
A8: L21 | B8: 28 | C8: 10 | D8: 14 | E8: 38 | F8: 13 | G8: 0 | H8: 0 | I8: 17 | J8: 36 | K8: 3 | L8: 3 | M8: 10 | N8: 0 | O8: 0 | P8: 0 | Q8: 0 | R8: 5 | S8: 0 | T8: 0 | U8: 0 | V8: 0 | W8: 0 | X8: 4 | Y8: 190 | Z8: 45 | AA8: 0 | AB8: 0 | AC8: 0 | AE8: L21 | AF8: =SUM(B8:AC8) -> 416 | AG8: =AVERAGE(B8:AC8) -> 14.857143 | AH8: 18 | AI8: =AC8-AH8 -> -18 | AJ8: =AG8-AH8 -> -3.1428571 | AK8: =AF8 -> 416 | AL8: 233 | AM8: =AK8-AL8 -> 183 | AN8: =AK8+'Janvier 25'!AN8 -> 888 | AO8: =270+AL8 -> 503 | AP8: =AN8-AO8 -> 385
A9: L22 | B9: 16 | C9: 5 | D9: 0 | E9: 0 | F9: 0 | G9: 0 | H9: 0 | I9: 35 | J9: 35 | K9: 166 | L9: 0 | M9: 0 | N9: 0 | O9: 0 | P9: 0 | Q9: 5 | R9: 2 | S9: 5 | T9: 4 | U9: 0 | V9: 0 | W9: 42 | X9: 0 | Y9: 0 | Z9: 0 | AA9: 12 | AB9: 0 | AC9: 0 | AE9: L22 | AF9: =SUM(B9:AC9) -> 327 | AG9: =AVERAGE(B9:AC9) -> 11.678571 | AH9: 18 | AI9: =AC9-AH9 -> -18 | AJ9: =AG9-AH9 -> -6.3214286 | AK9: =AF9 -> 327 | AL9: 429 | AM9: =AK9-AL9 -> -102 | AN9: =AK9+'Janvier 25'!AN9 -> 1744 | AO9: =854+AL9 -> 1283 | AP9: =AN9-AO9 -> 461
A10: L23 | B10: 0 | C10: 0 | D10: 6 | E10: 0 | F10: 6 | G10: 7 | H10: 21 | I10: 34 | J10: 4 | K10: 0 | L10: 8 | M10: 0 | N10: 0 | O10: 0 | P10: 0 | Q10: 0 | R10: 4 | S10: 13 | T10: 10 | U10: 4 | V10: 0 | W10: 0 | X10: 14 | Y10: 3 | Z10: 0 | AA10: 0 | AB10: 30 | AC10: 21 | AE10: L23 | AF10: =SUM(B10:AC10) -> 185 | AG10: =AVERAGE(B10:AC10) -> 6.6071429 | AH10: 18 | AI10: =AC10-AH10 -> 3 | AJ10: =AG10-AH10 -> -11.392857 | AK10: =AF10 -> 185 | AL10: 136 | AM10: =AK10-AL10 -> 49 | AN10: =AK10+'Janvier 25'!AN10 -> 420 | AO10: =266+AL10 -> 402 | AP10: =AN10-AO10 -> 18
A11: Four 2 | B11: =AVERAGE(B8:B10) -> 14.666667 | C11: =AVERAGE(C8:C10) -> 5 | D11: =AVERAGE(D8:D10) -> 6.6666667 | E11: =AVERAGE(E8:E10) -> 12.666667 | F11: =AVERAGE(F8:F10) -> 6.3333333 | G11: =AVERAGE(G8:G10) -> 2.3333333 | H11: =AVERAGE(H8:H10) -> 7 | I11: =AVERAGE(I8:I10) -> 28.666667 | ... AC11: =AVERAGE(AC8:AC10) -> 7 | AE11: Four 2 | AF11: =AVERAGE(AF8:AF10) -> 309.33333 | AG11: =AVERAGE(AG8:AG10) -> 11.047619 | AH11: 18 | AI11: =AC11-AH11 -> -11 | AJ11: =AG11-AH11 -> -6.952381 | AK11: =SUM(AK8:AK10) -> 928 | AL11: =SUM(AL8:AL10) -> 798 | AM11: =AK11-AL11 -> 130 | AN11: =SUM(AN8:AN10) -> 3052 | AO11: =SUM(AO8:AO10) -> 2188 | AP11: =AN11-AO11 -> 864
A13: Moyenne des arrets TM | B13: =AVERAGE(B11,B7) -> 15 | C13: =AVERAGE(C11,C7) -> 3 | D13: =AVERAGE(D11,D7) -> 7.8333333 | E13: =AVERAGE(E11,E7) -> 10 | F13: =AVERAGE(F11,F7) -> 5 | G13: =AVERAGE(G11,G7) -> 11.666667 | H13: =AVERAGE(H11,H7) -> 7.1666667 | I13: =AVERAGE(I11,I7) -> 19.833333 | ... AC13: =AVERAGE(AC11,AC7) -> 10.333333 | AE13: Total des arrets TM | AF13: =AVERAGE(AF11,AF7) -> 513.08333 | AG13: =AVERAGE(AG11,AG7) -> 18.324405 | AH13: 18 | AI13: =AC13-AH13 -> -7.6666667 | AJ13: =AG13-AH13 -> 0.32440476 | AK13: =SUM(AK11,AK7) -> 3078.5 | AL13: =AL11+AL7 -> 2323 | AM13: =AK13-AL13 -> 755.5 | AN13: =SUM(AN11+AN7) -> 8586.5 | AO13: =SUM(AO11+AO7) -> 4628 | AP13: =AN13-AO13 -> 3958.5

Sheet Janvier 25
A1: Suivi quotidien des arrêts de ligne de fabrication du mois de Janvier 2025 (en min)
B3: 45658 | C3: 45659 | D3: 45660 | E3: 45661 | F3: 45662 | G3: 45663 | H3: 45664 | I3: 45665 | J3: 45666 | K3: 45667 | L3: 45668 | M3: 45669 | N3: 45670 | O3: 45671 | P3: 45672 | Q3: 45673 | R3: 45674 | S3: 45675 | T3: 45676 | U3: 45677 | V3: 45678 | W3: 45679 | X3: 45680 | Y3: 45681 | Z3: 45682 | AA3: 45683 | AB3: 45684 | AC3: 45685 | AD3: 45686 | AE3: 45687 | AF3: 45688 | AI3: Total des arrêts (min) | AJ3: Moyenne des arrets par jour (min) | AK3: Seuil des arrets 2024 par jour (min) | AL3: Ecart des arrets journalier / Seuile des arrets 2024 | AM3: Ecart moyenne des arrets / Seuile des arrets 2024 | AN3: Total des arrêts 2025 (min) | AO3: Total des arrêts 2024 (min) | AP3: Ecart Totale des arrets 2025 / Totale des arrets 2024
A4: L11 | B4: 12 | C4: 13 | D4: 8 | E4: 33 | F4: 8 | G4: 26 | H4: 24 | I4: 32 | J4: 14 | K4: 12 | L4: 9 | M4: 4 | N4: 9 | O4: 11 | P4: 16 | Q4: 10 | R4: 23 | S4: 38 | T4: 8 | U4: 51 | V4: 60 | W4: 16 | X4: 9 | Y4: 63 | Z4: 8 | AA4: 8 | AB4: 15 | AC4: 4 | AD4: 34 | AE4: 6 | AF4: 14 | AH4: L11 | AI4: =SUM(B4:AF4) -> 598 | AJ4: =AVERAGE(B4:AC4) -> 19.428571 | AK4: 18 | AL4: =AC4-AK4 -> -14 | AM4: =AJ4-AK4 -> 1.4285714 | AN4: 598 | AO4: 364 | AP4: =AN4-AO4 -> 234
A5: L12 | B5: 15 | C5: 6 | D5: 93 | E5: 13 | F5: 0 | G5: 13 | H5: 10 | I5: 13 | J5: 0 | K5: 3 | L5: 45 | M5: 30 | N5: 8 | O5: 28 | P5: 8 | Q5: 2 | R5: 121 | S5: 5 | T5: 0 | U5: 2 | V5: 453 | W5: 790 | X5: 3 | Y5: 240 | Z5: 8 | AA5: 23 | AB5: 38 | AC5: 18 | AD5: 74 | AE5: 9 | AF5: 7 | AH5: L12 | AI5: =SUM(B5:AF5) -> 2078 | AJ5: =AVERAGE(B5:AC5) -> 71 | AK5: 18 | AL5: =AC5-AK5 -> 0 | AM5: =AJ5-AK5 -> 53 | AN5: 2078 | AO5: 427 | AP5: =AN5-AO5 -> 1651
A6: L13 | B6: 2 | C6: 3 | D6: 7 | E6: 13 | F6: 18 | G6: 17 | H6: 13 | I6: 14 | J6: 14 | K6: 45 | L6: 35 | M6: 35 | N6: 0 | O6: 4 | P6: 21 | Q6: 12 | R6: 30 | S6: 32 | T6: 9 | U6: 20 | V6: 4 | W6: 14 | X6: 14 | Y6: 37 | Z6: 5 | AA6: 4 | AB6: 0 | AC6: 11 | AD6: 6 | AE6: 7 | AF6: 262 | AH6: L13 | AI6: =SUM(B6:AF6) -> 708 | AJ6: =AVERAGE(B6:AC6) -> 15.464286 | AK6: 18 | AL6: =AC6-AK6 -> -7 | AM6: =AJ6-AK6 -> -2.5357143 | AN6: 708 | AO6: 87 | AP6: =AN6-AO6 -> 621
A7: Moyenne Four 1 | B7: =AVERAGE(B4:B6) -> 9.6666667 | C7: =AVERAGE(C4:C6) -> 7.3333333 | D7: =AVERAGE(D4:D6) -> 36 | E7: =AVERAGE(E4:E6) -> 19.666667 | F7: =AVERAGE(F4:F6) -> 8.6666667 | G7: =AVERAGE(G4:G6) -> 18.666667 | H7: =AVERAGE(H4:H6) -> 15.666667 | I7: =AVERAGE(I4:I6) -> 19.666667 | ... M7: =AVERAGE(M4:M6) -> 23 | N7: =SUM(N4:N6) -> 17 | O7: =SUM(O4:O6) -> 43 | P7: =AVERAGE(P4:P6) -> 15 | Q7: =AVERAGE(Q4:Q6) -> 8 | R7: =AVERAGE(R4:R6) -> 58 | S7: =AVERAGE(S4:S6) -> 25 | T7: =AVERAGE(T4:T6) -> 5.6666667 | U7: =AVERAGE(U4:U6) -> 24.333333 | V7: =AVERAGE(V4:V6) -> 172.33333 | W7: =AVERAGE(W4:W6) -> 273.33333 | ... AC7: =AVERAGE(AC4:AC6) -> 11 | AD7: =SUM(AD4:AD6) -> 114 | AE7: =SUM(AE4:AE6) -> 22 | AF7: =SUM(AF4:AF6) -> 283 | AH7: Four 1 | AI7: =AVERAGE(AI4:AI6) -> 1128 | AJ7: =AVERAGE(AJ4:AJ6) -> 35.297619 | AK7: 18 | AL7: =AC7-AK7 -> -7 | AM7: =AJ7-AK7 -> 17.297619 | AN7: =SUM(AN4:AN6) -> 3384 | AO7: =SUM(AO4:AO6) -> 878 | AP7: =AN7-AO7 -> 2506
A8: L21 | J8: 36 | K8: 22 | L8: 114 | M8: 12 | N8: 60 | O8: 19 | P8: 10 | Q8: 10 | R8: 0 | S8: 0 | T8: 8 | U8: 32 | V8: 0 | W8: 15 | X8: 13 | Y8: 50 | Z8: 13 | AA8: 23 | AB8: 4 | AC8: 13 | AD8: 18 | AE8: 0 | AF8: 0 | AH8: L21 | AI8: =SUM(B8:AF8) -> 472 | AJ8: =AVERAGE(J8:AC8) -> 22.7 | AK8: 18 | AL8: =AC8-AK8 -> -5 | AM8: =AJ8-AK8 -> 4.7 | AN8: 472 | AO8: 244 | AP8: =AN8-AO8 -> 228
A9: L22 | J9: 10 | K9: 25 | L9: 294 | M9: 13 | N9: 36 | O9: 3 | P9: 39 | Q9: 30 | R9: 7 | S9: 0 | T9: 0 | U9: 0 | V9: 0 | W9: 10 | X9: 53 | Y9: 183 | Z9: 26 | AA9: 45 | AB9: 3 | AC9: 0 | AD9: 170 | AE9: 17 | AF9: 453 | AH9: L22 | AI9: =SUM(B9:AF9) -> 1417 | AJ9: =AVERAGE(J9:AC9) -> 38.85 | AK9: 18 | AL9: =AC9-AK9 -> -18 | AM9: =AJ9-AK9 -> 20.85 | AN9: 1417 | AO9: 733 | AP9: =AN9-AO9 -> 684
A10: L23 | J10: 0 | K10: 8 | L10: 0 | M10: 0 | N10: 3 | O10: 17 | P10: 43 | Q10: 23 | R10: 0 | S10: 4 | T10: 0 | U10: 4 | V10: 3 | W10: 2 | X10: 4 | Y10: 38 | Z10: 19 | AA10: 14 | AB10: 0 | AC10: 14 | AD10: 33 | AE10: 0 | AF10: 6 | AH10: L23 | AI10: =SUM(B10:AF10) -> 235 | AJ10: =AVERAGE(J10:AC10) -> 9.8 | AK10: 18 | AL10: =AC10-AK10 -> -4 | AM10: =AJ10-AK10 -> -8.2 | AN10: 235 | AO10: 256 | AP10: =AN10-AO10 -> -21
A11: Four 2 | J11: =AVERAGE(J8:J10) -> 15.333333 | K11: =AVERAGE(K8:K10) -> 18.333333 | L11: =AVERAGE(L8:L10) -> 136 | M11: =AVERAGE(M8:M10) -> 8.3333333 | N11: =AVERAGE(N8:N10) -> 33 | O11: =AVERAGE(O8:O10) -> 13 | P11: =AVERAGE(P8:P10) -> 30.666667 | Q11: =AVERAGE(Q8:Q10) -> 21 | ... AC11: =AVERAGE(AC8:AC10) -> 9 | AD11: =SUM(AD8:AD10) -> 221 | AE11: =SUM(AE8:AE10) -> 17 | AF11: =SUM(AF8:AF10) -> 459 | AH11: Four 2 | AI11: =AVERAGE(AI8:AI10) -> 708 | AJ11: =AVERAGE(AJ8:AJ10) -> 23.783333 | AK11: 18 | AL11: =AC11-AK11 -> -9 | AM11: =AJ11-AK11 -> 5.7833333 | AN11: =SUM(AN8:AN10) -> 2124 | AO11: =SUM(AO8:AO10) -> 1233 | AP11: =AN11-AO11 -> 891
A13: Total des arrets TM | B13: =B7 -> 9.6666667 | C13: =C7 -> 7.3333333 | D13: =D7 -> 36 | E13: =E7 -> 19.666667 | F13: =F7 -> 8.6666667 | G13: =G7 -> 18.666667 | H13: =H7 -> 15.666667 | I13: =I7 -> 19.666667 | J13: =AVERAGE(J11,J7) -> 12.333333 | K13: =AVERAGE(K11,K7) -> 19.166667 | L13: =AVERAGE(L11,L7) -> 82.833333 | M13: =AVERAGE(M11,M7) -> 15.666667 | N13: =AVERAGE(N11,N7) -> 25 | O13: =AVERAGE(O11,O7) -> 28 | P13: =AVERAGE(P11,P7) -> 22.833333 | Q13: =AVERAGE(Q11,Q7) -> 14.5 | ... AC13: =AVERAGE(AC11,AC7) -> 10 | AD13: =+AD7+AD11 -> 335 | AE13: =+AE7+AE11 -> 39 | AF13: =+AF7+AF11 -> 742 | AH13: Total des arrets TM | AI13: =AVERAGE(AI11,AI7) -> 918 | AJ13: =AVERAGE(AJ11,AJ7) -> 29.540476 | AK13: 18 | AL13: =AC13-AK13 -> -8 | AM13: =AJ13-AK13 -> 11.540476 | AN13: =SUM(AN11,AN7) -> 5508 | AO13: =AO11+AO7 -> 2111 | AP13: =AN13-AO13 -> 3397
